consensus_timestamp,transaction_id,account,amount,is_approval
2023-05-16T13:45:36.388113,0.0.690356-1684259112-028425273,0.0.4,0.00177625,False
2023-05-16T13:45:36.388113,0.0.690356-1684259112-028425273,0.0.98,0.04421287,False
2023-05-16T13:45:36.388113,0.0.690356-1684259112-028425273,0.0.800,-2.16153504,False
2023-05-16T13:45:36.388113,0.0.690356-1684259112-028425273,0.0.690356,-0.04598912,False
2023-05-16T13:45:36.388113,0.0.690356-1684259112-028425273,0.0.723452,"1,515.08553504",False
2023-05-16T13:45:36.388113,0.0.690356-1684259112-028425273,0.0.848824,"-1,660.00000000",False
2023-05-16T13:45:36.388113,0.0.690356-1684259112-028425273,0.0.1105380,113.87600000,False
2023-05-16T13:45:36.388113,0.0.690356-1684259112-028425273,0.0.2254995,33.20000000,False
2023-05-16T13:39:51.191820,0.0.40730-1684258780-509000000,0.0.4,0.00008134,False
2023-05-16T13:39:51.191820,0.0.40730-1684258780-509000000,0.0.98,0.00191369,False
2023-05-16T13:39:51.191820,0.0.40730-1684258780-509000000,0.0.800,-2.24309568,False
2023-05-16T13:39:51.191820,0.0.40730-1684258780-509000000,0.0.40730,-532.71755978,False
2023-05-16T13:39:51.191820,0.0.40730-1684258780-509000000,0.0.180409,534.95866043,False
2023-05-16T13:31:42.222301,0.0.690356-1684258287-404950649,0.0.4,0.00177653,False
2023-05-16T13:31:42.222301,0.0.690356-1684258287-404950649,0.0.98,0.04421844,False
2023-05-16T13:31:42.222301,0.0.690356-1684258287-404950649,0.0.800,-57.96699888,False
2023-05-16T13:31:42.222301,0.0.690356-1684258287-404950649,0.0.624045,"-2,792.03300112",False
2023-05-16T13:31:42.222301,0.0.690356-1684258287-404950649,0.0.690356,-0.04599497,False
2023-05-16T13:31:42.222301,0.0.690356-1684258287-404950649,0.0.999404,27.93000000,False
2023-05-16T13:31:42.222301,0.0.690356-1684258287-404950649,0.0.1332229,167.58000000,False
2023-05-16T13:31:42.222301,0.0.690356-1684258287-404950649,0.0.2129167,"2,597.49000000",False
2023-05-16T13:31:42.222301,0.0.690356-1684258287-404950649,0.0.2254995,57.00000000,False
2023-05-16T13:28:39.232615,0.0.1928606-1684258112-655929119,0.0.4,0.00007702,False
2023-05-16T13:28:39.232615,0.0.1928606-1684258112-655929119,0.0.98,0.00182738,False
2023-05-16T13:28:39.232615,0.0.1928606-1684258112-655929119,0.0.800,-7.99347696,False
2023-05-16T13:28:39.232615,0.0.1928606-1684258112-655929119,0.0.1928606,"-9,011.38055240",False
2023-05-16T13:28:39.232615,0.0.1928606-1684258112-655929119,0.0.2112355,"9,019.37212496",False
2023-05-16T13:26:34.495302,0.0.690356-1684257981-840478437,0.0.4,0.00177625,False
2023-05-16T13:26:34.495302,0.0.690356-1684257981-840478437,0.0.98,0.04421287,False
2023-05-16T13:26:34.495302,0.0.690356-1684257981-840478437,0.0.800,-0.29027040,False
2023-05-16T13:26:34.495302,0.0.690356-1684257981-840478437,0.0.614321,-300.00000000,False
2023-05-16T13:26:34.495302,0.0.690356-1684257981-840478437,0.0.690356,-0.04598912,False
2023-05-16T13:26:34.495302,0.0.690356-1684257981-840478437,0.0.833923,279.59027040,False
2023-05-16T13:26:34.495302,0.0.690356-1684257981-840478437,0.0.1039123,14.70000000,False
2023-05-16T13:26:34.495302,0.0.690356-1684257981-840478437,0.0.2254995,6.00000000,False
2023-05-16T13:26:22.793616,0.0.690356-1684257963-360868304,0.0.4,0.00177639,False
2023-05-16T13:26:22.793616,0.0.690356-1684257963-360868304,0.0.98,0.04421565,False
2023-05-16T13:26:22.793616,0.0.690356-1684257963-360868304,0.0.800,-1.27469664,False
2023-05-16T13:26:22.793616,0.0.690356-1684257963-360868304,0.0.614321,-273.87079472,False
2023-05-16T13:26:22.793616,0.0.690356-1684257963-360868304,0.0.690356,-0.04599204,False
2023-05-16T13:26:22.793616,0.0.690356-1684257963-360868304,0.0.720563,256.17049136,False
2023-05-16T13:26:22.793616,0.0.690356-1684257963-360868304,0.0.1039123,13.47500000,False
2023-05-16T13:26:22.793616,0.0.690356-1684257963-360868304,0.0.2254995,5.50000000,False
2023-05-16T13:12:56.590281,0.0.950-1684257116-000000478,0.0.4,0.00007783,False
2023-05-16T13:12:56.590281,0.0.950-1684257116-000000478,0.0.98,0.00184353,False
2023-05-16T13:12:56.590281,0.0.950-1684257116-000000478,0.0.800,-0.39266640,False
2023-05-16T13:12:56.590281,0.0.950-1684257116-000000478,0.0.950,-59.54893152,False
2023-05-16T13:12:56.590281,0.0.950-1684257116-000000478,0.0.45385,59.93967656,False
2023-05-16T12:42:10.133687,0.0.1901601-1684255318-590000000,0.0.4,0.00008036,False
2023-05-16T12:42:10.133687,0.0.1901601-1684255318-590000000,0.0.98,0.00189561,False
2023-05-16T12:42:10.133687,0.0.1901601-1684255318-590000000,0.0.800,-48.75794784,False
2023-05-16T12:42:10.133687,0.0.1901601-1684255318-590000000,0.0.407219,"68,585.20768542",False
2023-05-16T12:42:10.133687,0.0.1901601-1684255318-590000000,0.0.1901601,"-68,536.45171355",False
2023-05-16T12:24:19.338374,0.0.305869-1684254248-087258590,0.0.4,0.00007897,False
2023-05-16T12:24:19.338374,0.0.305869-1684254248-087258590,0.0.98,0.00186779,False
2023-05-16T12:24:19.338374,0.0.305869-1684254248-087258590,0.0.800,-38.35647312,False
2023-05-16T12:24:19.338374,0.0.305869-1684254248-087258590,0.0.24640,0.01899863,False
2023-05-16T12:24:19.338374,0.0.305869-1684254248-087258590,0.0.305869,38.33552773,False
2023-05-16T12:21:39.817574,0.0.704238-1684254086-490249446,0.0.4,0.00007836,False
2023-05-16T12:21:39.817574,0.0.704238-1684254086-490249446,0.0.98,0.00185156,False
2023-05-16T12:21:39.817574,0.0.704238-1684254086-490249446,0.0.800,-0.10150560,False
2023-05-16T12:21:39.817574,0.0.704238-1684254086-490249446,0.0.704238,0.09957568,False
2023-05-16T12:17:17.081397,0.0.1067766-1684253830-206127419,0.0.4,0.00007737,False
2023-05-16T12:17:17.081397,0.0.1067766-1684253830-206127419,0.0.98,0.00183580,False
2023-05-16T12:17:17.081397,0.0.1067766-1684253830-206127419,0.0.800,-80.96300352,False
2023-05-16T12:17:17.081397,0.0.1067766-1684253830-206127419,0.0.1067766,"-34,094.29972240",False
2023-05-16T12:17:17.081397,0.0.1067766-1684253830-206127419,0.0.1475716,"34,175.26081275",False
2023-05-16T12:09:12.911545,0.0.11417-1684253341-276713452,0.0.4,0.00007816,False
2023-05-16T12:09:12.911545,0.0.11417-1684253341-276713452,0.0.98,0.00185156,False
2023-05-16T12:09:12.911545,0.0.11417-1684253341-276713452,0.0.800,"-205,189.44268368",False
2023-05-16T12:09:12.911545,0.0.11417-1684253341-276713452,0.0.11417,"204,086.44075396",False
2023-05-16T12:09:12.911545,0.0.11417-1684253341-276713452,0.0.2561691,"1,103.00000000",False
2023-05-16T12:08:47.390228,0.0.690356-1684253310-935281612,0.0.4,0.00178458,False
2023-05-16T12:08:47.390228,0.0.690356-1684253310-935281612,0.0.98,0.04441940,False
2023-05-16T12:08:47.390228,0.0.690356-1684253310-935281612,0.0.800,-0.58356816,False
2023-05-16T12:08:47.390228,0.0.690356-1684253310-935281612,0.0.271986,205.80000000,False
2023-05-16T12:08:47.390228,0.0.690356-1684253310-935281612,0.0.690356,-0.04620398,False
2023-05-16T12:08:47.390228,0.0.690356-1684253310-935281612,0.0.850679,"3,224.78356816",False
2023-05-16T12:08:47.390228,0.0.690356-1684253310-935281612,0.0.2208114,"-3,500.00000000",False
2023-05-16T12:08:47.390228,0.0.690356-1684253310-935281612,0.0.2254995,70.00000000,False
2023-05-16T12:05:25.482321,0.0.447411-1684253113-898000000,0.0.4,0.00008171,False
2023-05-16T12:05:25.482321,0.0.447411-1684253113-898000000,0.0.98,0.00192251,False
2023-05-16T12:05:25.482321,0.0.447411-1684253113-898000000,0.0.800,-3.56801088,False
2023-05-16T12:05:25.482321,0.0.447411-1684253113-898000000,0.0.180409,"5,012.01611616",False
2023-05-16T12:05:25.482321,0.0.447411-1684253113-898000000,0.0.447411,"-5,008.45010950",False
2023-05-16T12:02:47.651525,0.0.1486246-1684252954-968194932,0.0.4,0.00007819,False
2023-05-16T12:02:47.651525,0.0.1486246-1684252954-968194932,0.0.98,0.00185202,False
2023-05-16T12:02:47.651525,0.0.1486246-1684252954-968194932,0.0.800,-8.90471232,False
2023-05-16T12:02:47.651525,0.0.1486246-1684252954-968194932,0.0.1486246,8.72468786,False
2023-05-16T12:02:47.651525,0.0.1486246-1684252954-968194932,0.0.1753459,0.17809425,False
2023-05-16T11:58:46.736813,0.0.1503497-1684252715-493460155,0.0.4,0.00007831,False
2023-05-16T11:58:46.736813,0.0.1503497-1684252715-493460155,0.0.98,0.00185512,False
2023-05-16T11:58:46.736813,0.0.1503497-1684252715-493460155,0.0.800,-129.93589392,False
2023-05-16T11:58:46.736813,0.0.1503497-1684252715-493460155,0.0.1503497,129.74374809,False
2023-05-16T11:58:46.736813,0.0.1503497-1684252715-493460155,0.0.1753459,0.19021240,False
2023-05-16T11:16:44.761449,0.0.611791-1684250172-049000000,0.0.4,0.00008068,False
2023-05-16T11:16:44.761449,0.0.611791-1684250172-049000000,0.0.98,0.00306399,False
2023-05-16T11:16:44.761449,0.0.611791-1684250172-049000000,0.0.800,-4.67958624,False
2023-05-16T11:16:44.761449,0.0.611791-1684250172-049000000,0.0.611791,-413.00314467,False
2023-05-16T11:16:44.761449,0.0.611791-1684250172-049000000,0.0.2189305,417.67958624,False
2023-05-16T11:04:51.543089,0.0.83-1684249481-691866000,0.0.4,0.00101224,False
2023-05-16T11:04:51.543089,0.0.83-1684249481-691866000,0.0.83,"-519,014.15399503",False
2023-05-16T11:04:51.543089,0.0.83-1684249481-691866000,0.0.98,0.00427286,False
2023-05-16T11:04:51.543089,0.0.83-1684249481-691866000,0.0.800,"519,014.14870993",False
2023-05-16T11:01:20.497344,0.0.1751831-1684249266-388957413,0.0.4,0.00007834,False
2023-05-16T11:01:20.497344,0.0.1751831-1684249266-388957413,0.0.98,0.00185558,False
2023-05-16T11:01:20.497344,0.0.1751831-1684249266-388957413,0.0.800,-3.89318496,False
2023-05-16T11:01:20.497344,0.0.1751831-1684249266-388957413,0.0.1751831,3.81338734,False
2023-05-16T11:01:20.497344,0.0.1751831-1684249266-388957413,0.0.1753459,0.07786370,False
2023-05-16T10:58:32.960678,0.0.1349489-1684249100-953429536,0.0.4,0.00007828,False
2023-05-16T10:58:32.960678,0.0.1349489-1684249100-953429536,0.0.98,0.00184769,False
2023-05-16T10:58:32.960678,0.0.1349489-1684249100-953429536,0.0.800,-87.85078176,False
2023-05-16T10:58:32.960678,0.0.1349489-1684249100-953429536,0.0.1349489,87.84885579,False
2023-05-16T10:58:28.804609,0.0.285576-1684249099-003819227,0.0.4,0.00007802,False
2023-05-16T10:58:28.804609,0.0.285576-1684249099-003819227,0.0.98,0.00184815,False
2023-05-16T10:58:28.804609,0.0.285576-1684249099-003819227,0.0.800,-1.53415920,False
2023-05-16T10:58:28.804609,0.0.285576-1684249099-003819227,0.0.285576,-994.00192617,False
2023-05-16T10:58:28.804609,0.0.285576-1684249099-003819227,0.0.850732,995.53415920,False
2023-05-16T10:54:11.799550,0.0.1249721-1684248836-213985086,0.0.4,0.00007800,False
2023-05-16T10:54:11.799550,0.0.1249721-1684248836-213985086,0.0.98,0.00184769,False
2023-05-16T10:54:11.799550,0.0.1249721-1684248836-213985086,0.0.800,-0.09776592,False
2023-05-16T10:54:11.799550,0.0.1249721-1684248836-213985086,0.0.1249721,0.09388491,False
2023-05-16T10:54:11.799550,0.0.1249721-1684248836-213985086,0.0.1753459,0.00195532,False
2023-05-16T10:50:03.887967,0.0.1067766-1684248597-960972838,0.0.4,0.00007721,False
2023-05-16T10:50:03.887967,0.0.1067766-1684248597-960972838,0.0.98,0.00183196,False
2023-05-16T10:50:03.887967,0.0.1067766-1684248597-960972838,0.0.800,-0.00267120,False
2023-05-16T10:50:03.887967,0.0.1067766-1684248597-960972838,0.0.1067766,-375.57997917,False
2023-05-16T10:50:03.887967,0.0.1067766-1684248597-960972838,0.0.1256320,375.58074120,False
2023-05-16T10:46:27.283405,0.0.1742162-1684248376-098090760,0.0.4,0.00007802,False
2023-05-16T10:46:27.283405,0.0.1742162-1684248376-098090760,0.0.98,0.00184815,False
2023-05-16T10:46:27.283405,0.0.1742162-1684248376-098090760,0.0.800,-11.69095200,False
2023-05-16T10:46:27.283405,0.0.1742162-1684248376-098090760,0.0.1742162,11.49745784,False
2023-05-16T10:46:27.283405,0.0.1742162-1684248376-098090760,0.0.1753459,0.19156799,False
2023-05-16T10:42:34.922427,0.0.180409-1684248140-417496769,0.0.4,0.00007800,False
2023-05-16T10:42:34.922427,0.0.180409-1684248140-417496769,0.0.98,0.00184769,False
2023-05-16T10:42:34.922427,0.0.180409-1684248140-417496769,0.0.800,-131.13241344,False
2023-05-16T10:42:34.922427,0.0.180409-1684248140-417496769,0.0.180409,"-16,892.83688152",False
2023-05-16T10:42:34.922427,0.0.180409-1684248140-417496769,0.0.919618,"17,023.96736927",False
2023-05-16T10:39:35.149317,0.0.1067766-1684247969-043032635,0.0.4,0.00007728,False
2023-05-16T10:39:35.149317,0.0.1067766-1684247969-043032635,0.0.98,0.00183334,False
2023-05-16T10:39:35.149317,0.0.1067766-1684247969-043032635,0.0.800,-85.99144848,False
2023-05-16T10:39:35.149317,0.0.1067766-1684247969-043032635,0.0.1067766,"-5,770.00191062",False
2023-05-16T10:39:35.149317,0.0.1067766-1684247969-043032635,0.0.1441042,"5,855.99144848",False
2023-05-16T10:39:02.327853,0.0.1458012-1684247929-948851004,0.0.4,0.00007802,False
2023-05-16T10:39:02.327853,0.0.1458012-1684247929-948851004,0.0.98,0.00184815,False
2023-05-16T10:39:02.327853,0.0.1458012-1684247929-948851004,0.0.800,-0.93883776,False
2023-05-16T10:39:02.327853,0.0.1458012-1684247929-948851004,0.0.1458012,0.91813483,False
2023-05-16T10:39:02.327853,0.0.1458012-1684247929-948851004,0.0.1753459,0.01877676,False
2023-05-16T10:11:43.295402,0.0.690356-1684246291-775244830,0.0.4,0.00178085,False
2023-05-16T10:11:43.295402,0.0.690356-1684246291-775244830,0.0.98,0.04432660,False
2023-05-16T10:11:43.295402,0.0.690356-1684246291-775244830,0.0.800,-6.78858768,False
2023-05-16T10:11:43.295402,0.0.690356-1684246291-775244830,0.0.657759,232.75000000,False
2023-05-16T10:11:43.295402,0.0.690356-1684246291-775244830,0.0.690356,-0.04610745,False
2023-05-16T10:11:43.295402,0.0.690356-1684246291-775244830,0.0.1039123,19.03858768,False
2023-05-16T10:11:43.295402,0.0.690356-1684246291-775244830,0.0.1419283,-250.00000000,False
2023-05-16T10:11:43.295402,0.0.690356-1684246291-775244830,0.0.2254995,5.00000000,False
2023-05-16T10:09:11.924212,0.0.1976119-1684246124-593008368,0.0.4,0.00007800,False
2023-05-16T10:09:11.924212,0.0.1976119-1684246124-593008368,0.0.98,0.00184769,False
2023-05-16T10:09:11.924212,0.0.1976119-1684246124-593008368,0.0.800,-12.41324448,False
2023-05-16T10:09:11.924212,0.0.1976119-1684246124-593008368,0.0.1485439,5.00000000,False
2023-05-16T10:09:11.924212,0.0.1976119-1684246124-593008368,0.0.1976119,7.41131879,False
2023-05-16T10:04:05.950135,0.0.690356-1684245827-695213983,0.0.4,0.00089034,False
2023-05-16T10:04:05.950135,0.0.690356-1684245827-695213983,0.0.98,0.02216190,False
2023-05-16T10:04:05.950135,0.0.690356-1684245827-695213983,0.0.800,-7.57320816,False
2023-05-16T10:04:05.950135,0.0.690356-1684245827-695213983,0.0.690356,-0.02305224,False
2023-05-16T10:04:05.950135,0.0.690356-1684245827-695213983,0.0.853534,-94.91973376,False
2023-05-16T10:04:05.950135,0.0.690356-1684245827-695213983,0.0.1669528,100.49294192,False
2023-05-16T10:04:05.950135,0.0.690356-1684245827-695213983,0.0.2254995,2.00000000,False
2023-05-16T09:43:10.348729,0.0.690356-1684244566-166727216,0.0.4,0.00178680,False
2023-05-16T09:43:10.348729,0.0.690356-1684244566-166727216,0.0.98,0.04447475,False
2023-05-16T09:43:10.348729,0.0.690356-1684244566-166727216,0.0.800,-0.18181968,False
2023-05-16T09:43:10.348729,0.0.690356-1684244566-166727216,0.0.568130,27.93000000,False
2023-05-16T09:43:10.348729,0.0.690356-1684244566-166727216,0.0.690356,-0.04626155,False
2023-05-16T09:43:10.348729,0.0.690356-1684244566-166727216,0.0.1097530,251.55181968,False
2023-05-16T09:43:10.348729,0.0.690356-1684244566-166727216,0.0.1312367,-285.00000000,False
2023-05-16T09:43:10.348729,0.0.690356-1684244566-166727216,0.0.2254995,5.70000000,False
2023-05-16T09:39:55.739756,0.0.1264559-1684244384-612000000,0.0.4,0.00008181,False
2023-05-16T09:39:55.739756,0.0.1264559-1684244384-612000000,0.0.98,0.00192490,False
2023-05-16T09:39:55.739756,0.0.1264559-1684244384-612000000,0.0.800,-0.30487296,False
2023-05-16T09:39:55.739756,0.0.1264559-1684244384-612000000,0.0.180409,"1,711.20024263",False
2023-05-16T09:39:55.739756,0.0.1264559-1684244384-612000000,0.0.1264559,"-1,710.89737638",False
2023-05-16T09:36:54.082373,0.0.2321626-1684244200-861226558,0.0.4,0.00007828,False
2023-05-16T09:36:54.082373,0.0.2321626-1684244200-861226558,0.0.98,0.00185433,False
2023-05-16T09:36:54.082373,0.0.2321626-1684244200-861226558,0.0.800,-0.84142800,False
2023-05-16T09:36:54.082373,0.0.2321626-1684244200-861226558,0.0.1753459,0.01682856,False
2023-05-16T09:36:54.082373,0.0.2321626-1684244200-861226558,0.0.2321626,0.82266683,False
2023-05-16T09:22:42.514909,0.0.1987670-1684243350-751027237,0.0.4,0.00007849,False
2023-05-16T09:22:42.514909,0.0.1987670-1684243350-751027237,0.0.98,0.00185851,False
2023-05-16T09:22:42.514909,0.0.1987670-1684243350-751027237,0.0.800,-7.21241808,False
2023-05-16T09:22:42.514909,0.0.1987670-1684243350-751027237,0.0.16952,"5,000.00000000",False
2023-05-16T09:22:42.514909,0.0.1987670-1684243350-751027237,0.0.1987670,"-4,992.78951892",False
2023-05-16T09:22:32.262463,0.0.285576-1684243341-036958415,0.0.4,0.00007838,False
2023-05-16T09:22:32.262463,0.0.285576-1684243341-036958415,0.0.98,0.00185619,False
2023-05-16T09:22:32.262463,0.0.285576-1684243341-036958415,0.0.800,-18.17662560,False
2023-05-16T09:22:32.262463,0.0.285576-1684243341-036958415,0.0.285576,"-3,724.90193457",False
2023-05-16T09:22:32.262463,0.0.285576-1684243341-036958415,0.0.2023497,"3,743.07662560",False
2023-05-16T09:20:56.142060,0.0.1134089-1684243255-210952668,0.0.4,0.00007838,False
2023-05-16T09:20:56.142060,0.0.1134089-1684243255-210952668,0.0.98,0.00185619,False
2023-05-16T09:20:56.142060,0.0.1134089-1684243255-210952668,0.0.800,-1.15556112,False
2023-05-16T09:20:56.142060,0.0.1134089-1684243255-210952668,0.0.1134089,"-1,767.88105341",False
2023-05-16T09:20:56.142060,0.0.1134089-1684243255-210952668,0.0.1987085,"1,769.03467996",False
2023-05-16T09:19:46.466645,0.0.906644-1684243174-186387149,0.0.4,0.00007886,False
2023-05-16T09:19:46.466645,0.0.906644-1684243174-186387149,0.0.98,0.00186594,False
2023-05-16T09:19:46.466645,0.0.906644-1684243174-186387149,0.0.800,-0.22972320,False
2023-05-16T09:19:46.466645,0.0.906644-1684243174-186387149,0.0.906644,-8.40727264,False
2023-05-16T09:19:46.466645,0.0.906644-1684243174-186387149,0.0.1753455,8.63505104,False
2023-05-16T09:16:17.678284,0.0.611791-1684242955-983000000,0.0.4,0.00008086,False
2023-05-16T09:16:17.678284,0.0.611791-1684242955-983000000,0.0.98,0.00306656,False
2023-05-16T09:16:17.678284,0.0.611791-1684242955-983000000,0.0.800,-0.18805248,False
2023-05-16T09:16:17.678284,0.0.611791-1684242955-983000000,0.0.611791,-653.20314742,False
2023-05-16T09:16:17.678284,0.0.611791-1684242955-983000000,0.0.1485682,653.38805248,False
2023-05-16T09:14:39.903538,0.0.595395-1684242874-295139801,0.0.4,0.00007747,False
2023-05-16T09:14:39.903538,0.0.595395-1684242874-295139801,0.0.98,0.00183808,False
2023-05-16T09:14:39.903538,0.0.595395-1684242874-295139801,0.0.800,-28.31418576,False
2023-05-16T09:14:39.903538,0.0.595395-1684242874-295139801,0.0.595395,"-2,074.26398955",False
2023-05-16T09:14:39.903538,0.0.595395-1684242874-295139801,0.0.1427516,"2,102.57625976",False
2023-05-16T09:10:31.920452,0.0.690356-1684242610-386704042,0.0.4,0.00178680,False
2023-05-16T09:10:31.920452,0.0.690356-1684242610-386704042,0.0.98,0.04447475,False
2023-05-16T09:10:31.920452,0.0.690356-1684242610-386704042,0.0.800,-3.04819536,False
2023-05-16T09:10:31.920452,0.0.690356-1684242610-386704042,0.0.690356,-0.04626155,False
2023-05-16T09:10:31.920452,0.0.690356-1684242610-386704042,0.0.845200,-250.00000000,False
2023-05-16T09:10:31.920452,0.0.690356-1684242610-386704042,0.0.1116833,228.83454608,False
2023-05-16T09:10:31.920452,0.0.690356-1684242610-386704042,0.0.1464851,19.21364928,False
2023-05-16T09:10:31.920452,0.0.690356-1684242610-386704042,0.0.2254995,5.00000000,False
2023-05-16T09:01:55.338631,0.0.1155594-1684242114-357957871,0.0.4,0.00007842,False
2023-05-16T09:01:55.338631,0.0.1155594-1684242114-357957871,0.0.98,0.00185712,False
2023-05-16T09:01:55.338631,0.0.1155594-1684242114-357957871,0.0.800,-325.98950832,False
2023-05-16T09:01:55.338631,0.0.1155594-1684242114-357957871,0.0.1155594,"-14,323.91331828",False
2023-05-16T09:01:55.338631,0.0.1155594-1684242114-357957871,0.0.1939187,"14,649.90089106",False
2023-05-16T09:01:29.141619,0.0.595395-1684242083-401546146,0.0.4,0.00007747,False
2023-05-16T09:01:29.141619,0.0.595395-1684242083-401546146,0.0.98,0.00183808,False
2023-05-16T09:01:29.141619,0.0.595395-1684242083-401546146,0.0.800,-2.72587056,False
2023-05-16T09:01:29.141619,0.0.595395-1684242083-401546146,0.0.595395,-145.89276055,False
2023-05-16T09:01:29.141619,0.0.595395-1684242083-401546146,0.0.2204959,148.61671556,False
2023-05-16T08:58:21.750903,0.0.1128519-1684241887-759993961,0.0.4,0.00007840,False
2023-05-16T08:58:21.750903,0.0.1128519-1684241887-759993961,0.0.98,0.00185726,False
2023-05-16T08:58:21.750903,0.0.1128519-1684241887-759993961,0.0.800,-13.23045360,False
2023-05-16T08:58:21.750903,0.0.1128519-1684241887-759993961,0.0.1128519,13.03757267,False
2023-05-16T08:58:21.750903,0.0.1128519-1684241887-759993961,0.0.1753459,0.19094527,False
2023-05-16T08:52:50.359305,0.0.1067766-1684241564-188815707,0.0.4,0.00007761,False
2023-05-16T08:52:50.359305,0.0.1067766-1684241564-188815707,0.0.98,0.00184145,False
2023-05-16T08:52:50.359305,0.0.1067766-1684241564-188815707,0.0.800,-52.99518336,False
2023-05-16T08:52:50.359305,0.0.1067766-1684241564-188815707,0.0.1067766,"-1,878.37086712",False
2023-05-16T08:52:50.359305,0.0.1067766-1684241564-188815707,0.0.1093959,"1,931.36413142",False
2023-05-16T08:51:31.461066,0.0.595395-1684241486-615690037,0.0.4,0.00007761,False
2023-05-16T08:51:31.461066,0.0.595395-1684241486-615690037,0.0.98,0.00184145,False
2023-05-16T08:51:31.461066,0.0.595395-1684241486-615690037,0.0.800,-6.20573184,False
2023-05-16T08:51:31.461066,0.0.595395-1684241486-615690037,0.0.595395,"-1,328.94214806",False
2023-05-16T08:51:31.461066,0.0.595395-1684241486-615690037,0.0.1127539,"1,335.14596084",False
2023-05-16T08:38:09.800003,0.0.38701-1684240679-199000000,0.0.4,0.00008003,False
2023-05-16T08:38:09.800003,0.0.38701-1684240679-199000000,0.0.98,0.00188982,False
2023-05-16T08:38:09.800003,0.0.38701-1684240679-199000000,0.0.800,-267.29986080,False
2023-05-16T08:38:09.800003,0.0.38701-1684240679-199000000,0.0.38701,-221.96265915,False
2023-05-16T08:38:09.800003,0.0.38701-1684240679-199000000,0.0.848305,489.26055010,False
2023-05-16T08:35:15.724415,0.0.180409-1684240502-490708899,0.0.4,0.00007840,False
2023-05-16T08:35:15.724415,0.0.180409-1684240502-490708899,0.0.98,0.00185726,False
2023-05-16T08:35:15.724415,0.0.180409-1684240502-490708899,0.0.800,-0.00035616,False
2023-05-16T08:35:15.724415,0.0.180409-1684240502-490708899,0.0.38701,221.96267378,False
2023-05-16T08:35:15.724415,0.0.180409-1684240502-490708899,0.0.180409,-221.96425328,False
2023-05-16T08:34:44.162726,0.0.595395-1684240479-014638439,0.0.4,0.00007761,False
2023-05-16T08:34:44.162726,0.0.595395-1684240479-014638439,0.0.98,0.00184145,False
2023-05-16T08:34:44.162726,0.0.595395-1684240479-014638439,0.0.800,-0.00587664,False
2023-05-16T08:34:44.162726,0.0.595395-1684240479-014638439,0.0.595395,"-2,810.96481106",False
2023-05-16T08:34:44.162726,0.0.595395-1684240479-014638439,0.0.1382332,"2,810.96876864",False
2023-05-16T08:18:22.758446,0.0.690356-1684239490-462449384,0.0.4,0.00178993,False
2023-05-16T08:18:22.758446,0.0.690356-1684239490-462449384,0.0.98,0.04455337,False
2023-05-16T08:18:22.758446,0.0.690356-1684239490-462449384,0.0.800,-44.58072528,False
2023-05-16T08:18:22.758446,0.0.690356-1684239490-462449384,0.0.271986,148.47000000,False
2023-05-16T08:18:22.758446,0.0.690356-1684239490-462449384,0.0.274642,"-2,480.41927472",False
2023-05-16T08:18:22.758446,0.0.690356-1684239490-462449384,0.0.690356,-0.04634330,False
2023-05-16T08:18:22.758446,0.0.690356-1684239490-462449384,0.0.910353,"2,326.03000000",False
2023-05-16T08:18:22.758446,0.0.690356-1684239490-462449384,0.0.2254995,50.50000000,False
2023-05-16T08:10:37.653483,0.0.1067766-1684239032-105132241,0.0.4,0.00007761,False
2023-05-16T08:10:37.653483,0.0.1067766-1684239032-105132241,0.0.98,0.00184145,False
2023-05-16T08:10:37.653483,0.0.1067766-1684239032-105132241,0.0.800,-22.37806704,False
2023-05-16T08:10:37.653483,0.0.1067766-1684239032-105132241,0.0.1067766,"-4,518.40426855",False
2023-05-16T08:10:37.653483,0.0.1067766-1684239032-105132241,0.0.2025592,"4,540.78041653",False
2023-05-16T07:57:13.981571,0.0.1991979-1684238223-260109640,0.0.4,0.00007878,False
2023-05-16T07:57:13.981571,0.0.1991979-1684238223-260109640,0.0.98,0.00186317,False
2023-05-16T07:57:13.981571,0.0.1991979-1684238223-260109640,0.0.800,-0.00569856,False
2023-05-16T07:57:13.981571,0.0.1991979-1684238223-260109640,0.0.24640,0.01907774,False
2023-05-16T07:57:13.981571,0.0.1991979-1684238223-260109640,0.0.1991979,-0.01532113,False
2023-05-16T07:43:30.906747,0.0.1126721-1684237399-742766075,0.0.4,0.00087738,False
2023-05-16T07:43:30.906747,0.0.1126721-1684237399-742766075,0.0.98,0.01841501,False
2023-05-16T07:43:30.906747,0.0.1126721-1684237399-742766075,0.0.800,-0.04167072,False
2023-05-16T07:43:30.906747,0.0.1126721-1684237399-742766075,0.0.1126721,-1.93495277,False
2023-05-16T07:43:30.906747,0.0.1126721-1684237399-742766075,0.0.1753576,1.95733110,False
2023-05-16T07:34:35.407682,0.0.1754398-1684236865-849931770,0.0.4,0.00007799,False
2023-05-16T07:34:35.407682,0.0.1754398-1684236865-849931770,0.0.98,0.00184745,False
2023-05-16T07:34:35.407682,0.0.1754398-1684236865-849931770,0.0.800,-0.06517728,False
2023-05-16T07:34:35.407682,0.0.1754398-1684236865-849931770,0.0.1753459,0.00130355,False
2023-05-16T07:34:35.407682,0.0.1754398-1684236865-849931770,0.0.1754398,0.06194829,False
2023-05-16T07:21:12.669937,0.0.690356-1684236059-067844464,0.0.4,0.00178003,False
2023-05-16T07:21:12.669937,0.0.690356-1684236059-067844464,0.0.98,0.04430689,False
2023-05-16T07:21:12.669937,0.0.690356-1684236059-067844464,0.0.800,-0.11931360,False
2023-05-16T07:21:12.669937,0.0.690356-1684236059-067844464,0.0.690356,-0.04608692,False
2023-05-16T07:21:12.669937,0.0.690356-1684236059-067844464,0.0.898540,-9.88068640,False
2023-05-16T07:21:12.669937,0.0.690356-1684236059-067844464,0.0.1057057,0.22500000,False
2023-05-16T07:21:12.669937,0.0.690356-1684236059-067844464,0.0.1214389,8.14500000,False
2023-05-16T07:21:12.669937,0.0.690356-1684236059-067844464,0.0.1998899,0.63000000,False
2023-05-16T07:21:12.669937,0.0.690356-1684236059-067844464,0.0.2254995,1.00000000,False
2023-05-16T07:20:54.359151,0.0.211535-1684236043-311000000,0.0.4,0.00007961,False
2023-05-16T07:20:54.359151,0.0.211535-1684236043-311000000,0.0.98,0.00187982,False
2023-05-16T07:20:54.359151,0.0.211535-1684236043-311000000,0.0.800,-5.19779904,False
2023-05-16T07:20:54.359151,0.0.211535-1684236043-311000000,0.0.211535,"-9,774.80416039",False
2023-05-16T07:20:54.359151,0.0.211535-1684236043-311000000,0.0.625126,"9,780.00000000",False
2023-05-16T07:01:00.149406,0.0.905210-1684234846-289240924,0.0.4,0.00007829,False
2023-05-16T07:01:00.149406,0.0.905210-1684234846-289240924,0.0.98,0.00185346,False
2023-05-16T07:01:00.149406,0.0.905210-1684234846-289240924,0.0.800,-8.10976320,False
2023-05-16T07:01:00.149406,0.0.905210-1684234846-289240924,0.0.905210,-1.91828927,False
2023-05-16T07:01:00.149406,0.0.905210-1684234846-289240924,0.0.1487713,10.02612072,False
2023-05-16T06:56:18.443938,0.0.595395-1684234573-342454929,0.0.4,0.00007703,False
2023-05-16T06:56:18.443938,0.0.595395-1684234573-342454929,0.0.98,0.00182766,False
2023-05-16T06:56:18.443938,0.0.595395-1684234573-342454929,0.0.800,-15.68047824,False
2023-05-16T06:56:18.443938,0.0.595395-1684234573-342454929,0.0.595395,-149.98270469,False
2023-05-16T06:56:18.443938,0.0.595395-1684234573-342454929,0.0.1990817,165.66127824,False
2023-05-16T06:41:54.212936,0.0.1308571-1684233702-332000000,0.0.4,0.00008135,False
2023-05-16T06:41:54.212936,0.0.1308571-1684233702-332000000,0.0.98,0.00191399,False
2023-05-16T06:41:54.212936,0.0.1308571-1684233702-332000000,0.0.800,-3.99807408,False
2023-05-16T06:41:54.212936,0.0.1308571-1684233702-332000000,0.0.180409,975.60628227,False
2023-05-16T06:41:54.212936,0.0.1308571-1684233702-332000000,0.0.1308571,-971.61020353,False
2023-05-16T06:38:56.436710,0.0.85928-1684233525-032000000,0.0.4,0.00008128,False
2023-05-16T06:38:56.436710,0.0.85928-1684233525-032000000,0.0.98,0.00191260,False
2023-05-16T06:38:56.436710,0.0.85928-1684233525-032000000,0.0.800,-0.16436784,False
2023-05-16T06:38:56.436710,0.0.85928-1684233525-032000000,0.0.85928,-149.83762604,False
2023-05-16T06:38:56.436710,0.0.85928-1684233525-032000000,0.0.180409,150.00000000,False
2023-05-16T06:35:23.319362,0.0.1644058-1684233310-300073795,0.0.4,0.00007784,False
2023-05-16T06:35:23.319362,0.0.1644058-1684233310-300073795,0.0.98,0.00184382,False
2023-05-16T06:35:23.319362,0.0.1644058-1684233310-300073795,0.0.800,-11.59176144,False
2023-05-16T06:35:23.319362,0.0.1644058-1684233310-300073795,0.0.1644058,11.39866640,False
2023-05-16T06:35:23.319362,0.0.1644058-1684233310-300073795,0.0.1753459,0.19117338,False
2023-05-16T06:34:55.806140,0.0.690356-1684233268-256331377,0.0.4,0.00177653,False
2023-05-16T06:34:55.806140,0.0.690356-1684233268-256331377,0.0.98,0.04421990,False
2023-05-16T06:34:55.806140,0.0.690356-1684233268-256331377,0.0.800,-0.00854784,False
2023-05-16T06:34:55.806140,0.0.690356-1684233268-256331377,0.0.690356,-0.04599643,False
2023-05-16T06:34:55.806140,0.0.690356-1684233268-256331377,0.0.813134,250.63500000,False
2023-05-16T06:34:55.806140,0.0.690356-1684233268-256331377,0.0.1156014,-275.00000000,False
2023-05-16T06:34:55.806140,0.0.690356-1684233268-256331377,0.0.1934788,18.87354784,False
2023-05-16T06:34:55.806140,0.0.690356-1684233268-256331377,0.0.2254995,5.50000000,False
2023-05-16T06:15:11.308490,0.0.307678-1684232100-144133154,0.0.4,0.00007862,False
2023-05-16T06:15:11.308490,0.0.307678-1684232100-144133154,0.0.98,0.00185951,False
2023-05-16T06:15:11.308490,0.0.307678-1684232100-144133154,0.0.800,-1.18565664,False
2023-05-16T06:15:11.308490,0.0.307678-1684232100-144133154,0.0.24640,0.01903235,False
2023-05-16T06:15:11.308490,0.0.307678-1684232100-144133154,0.0.307678,1.16468616,False
2023-05-16T06:00:31.695437,0.0.690356-1684231215-455392602,0.0.4,0.00177653,False
2023-05-16T06:00:31.695437,0.0.690356-1684231215-455392602,0.0.98,0.04421990,False
2023-05-16T06:00:31.695437,0.0.690356-1684231215-455392602,0.0.800,-14.48805456,False
2023-05-16T06:00:31.695437,0.0.690356-1684231215-455392602,0.0.454022,220.50000000,False
2023-05-16T06:00:31.695437,0.0.690356-1684231215-455392602,0.0.643967,38.98805456,False
2023-05-16T06:00:31.695437,0.0.690356-1684231215-455392602,0.0.690356,-0.04599643,False
2023-05-16T06:00:31.695437,0.0.690356-1684231215-455392602,0.0.700278,-250.00000000,False
2023-05-16T06:00:31.695437,0.0.690356-1684231215-455392602,0.0.2254995,5.00000000,False
2023-05-16T05:53:57.067344,0.0.1339506-1684230825-924195181,0.0.4,0.00007751,False
2023-05-16T05:53:57.067344,0.0.1339506-1684230825-924195181,0.0.98,0.00183602,False
2023-05-16T05:53:57.067344,0.0.1339506-1684230825-924195181,0.0.800,-7.68522048,False
2023-05-16T05:53:57.067344,0.0.1339506-1684230825-924195181,0.0.1339506,7.52960254,False
2023-05-16T05:53:57.067344,0.0.1339506-1684230825-924195181,0.0.1753459,0.15370441,False
2023-05-16T05:44:25.872890,0.0.690356-1684230250-109229590,0.0.4,0.00176932,False
2023-05-16T05:44:25.872890,0.0.690356-1684230250-109229590,0.0.98,0.04404109,False
2023-05-16T05:44:25.872890,0.0.690356-1684230250-109229590,0.0.800,-0.90268752,False
2023-05-16T05:44:25.872890,0.0.690356-1684230250-109229590,0.0.508872,88.56132432,False
2023-05-16T05:44:25.872890,0.0.690356-1684230250-109229590,0.0.594961,10.34136320,False
2023-05-16T05:44:25.872890,0.0.690356-1684230250-109229590,0.0.690356,-0.04581041,False
2023-05-16T05:44:25.872890,0.0.690356-1684230250-109229590,0.0.1360849,-100.00000000,False
2023-05-16T05:44:25.872890,0.0.690356-1684230250-109229590,0.0.2254995,2.00000000,False
2023-05-16T05:38:24.533562,0.0.1824100-1684229893-478000000,0.0.4,0.00008098,False
2023-05-16T05:38:24.533562,0.0.1824100-1684229893-478000000,0.0.98,0.00190545,False
2023-05-16T05:38:24.533562,0.0.1824100-1684229893-478000000,0.0.800,-15.52928832,False
2023-05-16T05:38:24.533562,0.0.1824100-1684229893-478000000,0.0.180409,100.00000000,False
2023-05-16T05:38:24.533562,0.0.1824100-1684229893-478000000,0.0.1824100,-84.47269811,False
2023-05-16T05:32:40.035737,0.0.284395-1684229548-339329590,0.0.4,0.00007831,False
2023-05-16T05:32:40.035737,0.0.284395-1684229548-339329590,0.0.98,0.00185211,False
2023-05-16T05:32:40.035737,0.0.284395-1684229548-339329590,0.0.800,-27.83408208,False
2023-05-16T05:32:40.035737,0.0.284395-1684229548-339329590,0.0.24640,0.01894727,False
2023-05-16T05:32:40.035737,0.0.284395-1684229548-339329590,0.0.284395,27.81320439,False
2023-05-16T05:27:37.248494,0.0.2014888-1684229247-175191743,0.0.4,0.00007790,False
2023-05-16T05:27:37.248494,0.0.2014888-1684229247-175191743,0.0.98,0.00184383,False
2023-05-16T05:27:37.248494,0.0.2014888-1684229247-175191743,0.0.800,-5.71814880,False
2023-05-16T05:27:37.248494,0.0.2014888-1684229247-175191743,0.0.867130,27.60814880,False
2023-05-16T05:27:37.248494,0.0.2014888-1684229247-175191743,0.0.2014888,-21.89192173,False
2023-05-16T05:27:11.170506,0.0.1067766-1684229225-914615656,0.0.4,0.00007672,False
2023-05-16T05:27:11.170506,0.0.1067766-1684229225-914615656,0.0.98,0.00182038,False
2023-05-16T05:27:11.170506,0.0.1067766-1684229225-914615656,0.0.800,-0.48028176,False
2023-05-16T05:27:11.170506,0.0.1067766-1684229225-914615656,0.0.1067766,-137.92605491,False
2023-05-16T05:27:11.170506,0.0.1067766-1684229225-914615656,0.0.1919856,138.40443957,False
2023-05-16T05:25:39.448015,0.0.690356-1684229124-034453385,0.0.4,0.00176960,False
2023-05-16T05:25:39.448015,0.0.690356-1684229124-034453385,0.0.98,0.04404664,False
2023-05-16T05:25:39.448015,0.0.690356-1684229124-034453385,0.0.800,-0.50806224,False
2023-05-16T05:25:39.448015,0.0.690356-1684229124-034453385,0.0.454022,"1,230.39000000",False
2023-05-16T05:25:39.448015,0.0.690356-1684229124-034453385,0.0.644233,93.11806224,False
2023-05-16T05:25:39.448015,0.0.690356-1684229124-034453385,0.0.690356,-0.04581624,False
2023-05-16T05:25:39.448015,0.0.690356-1684229124-034453385,0.0.837941,"-1,350.00000000",False
2023-05-16T05:25:39.448015,0.0.690356-1684229124-034453385,0.0.2254995,27.00000000,False
2023-05-16T05:10:46.411681,0.0.1067766-1684228240-093992639,0.0.4,0.00007672,False
2023-05-16T05:10:46.411681,0.0.1067766-1684228240-093992639,0.0.98,0.00182038,False
2023-05-16T05:10:46.411681,0.0.1067766-1684228240-093992639,0.0.800,-17.97557328,False
2023-05-16T05:10:46.411681,0.0.1067766-1684228240-093992639,0.0.1067766,"-4,273.96588056",False
2023-05-16T05:10:46.411681,0.0.1067766-1684228240-093992639,0.0.1075051,"4,291.93955674",False
2023-05-16T05:09:34.966619,0.0.690356-1684228159-353773262,0.0.4,0.00176932,False
2023-05-16T05:09:34.966619,0.0.690356-1684228159-353773262,0.0.98,0.04404109,False
2023-05-16T05:09:34.966619,0.0.690356-1684228159-353773262,0.0.800,-6.55245360,False
2023-05-16T05:09:34.966619,0.0.690356-1684228159-353773262,0.0.690356,-0.04581041,False
2023-05-16T05:09:34.966619,0.0.690356-1684228159-353773262,0.0.833940,24.60245360,False
2023-05-16T05:09:34.966619,0.0.690356-1684228159-353773262,0.0.867007,0.95000000,False
2023-05-16T05:09:34.966619,0.0.690356-1684228159-353773262,0.0.1360849,-20.00000000,False
2023-05-16T05:09:34.966619,0.0.690356-1684228159-353773262,0.0.2254995,1.00000000,False
2023-05-16T05:07:05.895055,0.0.1458305-1684228010-698252655,0.0.4,0.00007753,False
2023-05-16T05:07:05.895055,0.0.1458305-1684228010-698252655,0.0.98,0.00183648,False
2023-05-16T05:07:05.895055,0.0.1458305-1684228010-698252655,0.0.800,-32.32775280,False
2023-05-16T05:07:05.895055,0.0.1458305-1684228010-698252655,0.0.1458305,32.13544013,False
2023-05-16T05:07:05.895055,0.0.1458305-1684228010-698252655,0.0.1753459,0.19039866,False
2023-05-16T04:58:34.000098,0.0.690356-1684227499-155856107,0.0.4,0.00178037,False
2023-05-16T04:58:34.000098,0.0.690356-1684227499-155856107,0.0.98,0.04431595,False
2023-05-16T04:58:34.000098,0.0.690356-1684227499-155856107,0.0.800,-140.14771344,False
2023-05-16T04:58:34.000098,0.0.690356-1684227499-155856107,0.0.690356,-0.04609632,False
2023-05-16T04:58:34.000098,0.0.690356-1684227499-155856107,0.0.776534,531.16771344,False
2023-05-16T04:58:34.000098,0.0.690356-1684227499-155856107,0.0.814599,20.58000000,False
2023-05-16T04:58:34.000098,0.0.690356-1684227499-155856107,0.0.1360849,-420.00000000,False
2023-05-16T04:58:34.000098,0.0.690356-1684227499-155856107,0.0.2254995,8.40000000,False
2023-05-16T04:57:22.162372,0.0.1697243-1684227431-125000000,0.0.4,0.00008155,False
2023-05-16T04:57:22.162372,0.0.1697243-1684227431-125000000,0.0.98,0.00191873,False
2023-05-16T04:57:22.162372,0.0.1697243-1684227431-125000000,0.0.800,-0.00356160,False
2023-05-16T04:57:22.162372,0.0.1697243-1684227431-125000000,0.0.180409,"188,978.44438769",False
2023-05-16T04:57:22.162372,0.0.1697243-1684227431-125000000,0.0.1697243,"-188,978.44282637",False
2023-05-16T04:56:10.190879,0.0.1483882-1684227356-291582953,0.0.4,0.00007801,False
2023-05-16T04:56:10.190879,0.0.1483882-1684227356-291582953,0.0.98,0.00184794,False
2023-05-16T04:56:10.190879,0.0.1483882-1684227356-291582953,0.0.800,-15.60586272,False
2023-05-16T04:56:10.190879,0.0.1483882-1684227356-291582953,0.0.1483882,15.41354340,False
2023-05-16T04:56:10.190879,0.0.1483882-1684227356-291582953,0.0.1753459,0.19039337,False
2023-05-16T04:47:32.226487,0.0.1737318-1684226839-514678973,0.0.4,0.00007889,False
2023-05-16T04:47:32.226487,0.0.1737318-1684226839-514678973,0.0.98,0.00186552,False
2023-05-16T04:47:32.226487,0.0.1737318-1684226839-514678973,0.0.800,-2.13713808,False
2023-05-16T04:47:32.226487,0.0.1737318-1684226839-514678973,0.0.1066407,"2,000.00000000",False
2023-05-16T04:47:32.226487,0.0.1737318-1684226839-514678973,0.0.1737318,"-1,999.76439521",False
2023-05-16T04:47:32.226487,0.0.1737318-1684226839-514678973,0.0.1753448,1.89958888,False
2023-05-16T04:43:04.009512,0.0.854167-1684226571-679535490,0.0.4,0.00008035,False
2023-05-16T04:43:04.009512,0.0.854167-1684226571-679535490,0.0.98,0.00305137,False
2023-05-16T04:43:04.009512,0.0.854167-1684226571-679535490,0.0.800,-11.38981872,False
2023-05-16T04:43:04.009512,0.0.854167-1684226571-679535490,0.0.854167,-0.00313172,False
2023-05-16T04:43:04.009512,0.0.854167-1684226571-679535490,0.0.858938,"-32,073.87000000",False
2023-05-16T04:43:04.009512,0.0.854167-1684226571-679535490,0.0.1292367,"32,085.25981872",False
2023-05-16T04:34:25.289352,0.0.1725721-1684226054-281000000,0.0.4,0.00008153,False
2023-05-16T04:34:25.289352,0.0.1725721-1684226054-281000000,0.0.98,0.00191827,False
2023-05-16T04:34:25.289352,0.0.1725721-1684226054-281000000,0.0.800,-7.31445792,False
2023-05-16T04:34:25.289352,0.0.1725721-1684226054-281000000,0.0.180409,400.00000000,False
2023-05-16T04:34:25.289352,0.0.1725721-1684226054-281000000,0.0.1725721,-392.68754188,False
2023-05-16T04:31:24.756105,0.0.1745967-1684225873-781316945,0.0.4,0.00007801,False
2023-05-16T04:31:24.756105,0.0.1745967-1684225873-781316945,0.0.98,0.00184794,False
2023-05-16T04:31:24.756105,0.0.1745967-1684225873-781316945,0.0.800,-8.95065696,False
2023-05-16T04:31:24.756105,0.0.1745967-1684225873-781316945,0.0.1745967,8.76971787,False
2023-05-16T04:31:24.756105,0.0.1745967-1684225873-781316945,0.0.1753459,0.17901314,False
2023-05-16T04:30:38.447460,0.0.690356-1684225791-132149376,0.0.4,0.00178064,False
2023-05-16T04:30:38.447460,0.0.690356-1684225791-132149376,0.0.98,0.04432152,False
2023-05-16T04:30:38.447460,0.0.690356-1684225791-132149376,0.0.800,-15.58093152,False
2023-05-16T04:30:38.447460,0.0.690356-1684225791-132149376,0.0.445590,"88,575.58093152",False
2023-05-16T04:30:38.447460,0.0.690356-1684225791-132149376,0.0.690356,-0.04610216,False
2023-05-16T04:30:38.447460,0.0.690356-1684225791-132149376,0.0.941703,"-100,000.00000000",False
2023-05-16T04:30:38.447460,0.0.690356-1684225791-132149376,0.0.968016,"9,840.00000000",False
2023-05-16T04:30:38.447460,0.0.690356-1684225791-132149376,0.0.2254995,"1,600.00000000",False
2023-05-16T04:24:34.526548,0.0.426788-1684225463-121000000,0.0.4,0.00008146,False
2023-05-16T04:24:34.526548,0.0.426788-1684225463-121000000,0.0.98,0.00191688,False
2023-05-16T04:24:34.526548,0.0.426788-1684225463-121000000,0.0.800,-6.31079904,False
2023-05-16T04:24:34.526548,0.0.426788-1684225463-121000000,0.0.180409,55.00000000,False
2023-05-16T04:24:34.526548,0.0.426788-1684225463-121000000,0.0.426788,-48.69119930,False
2023-05-16T04:22:46.204669,0.0.1415698-1684225352-382189024,0.0.4,0.00007799,False
2023-05-16T04:22:46.204669,0.0.1415698-1684225352-382189024,0.0.98,0.00184748,False
2023-05-16T04:22:46.204669,0.0.1415698-1684225352-382189024,0.0.800,-56.00331072,False
2023-05-16T04:22:46.204669,0.0.1415698-1684225352-382189024,0.0.1415698,55.81189355,False
2023-05-16T04:22:46.204669,0.0.1415698-1684225352-382189024,0.0.1753459,0.18949170,False
2023-05-16T04:19:24.864476,0.0.705448-1684225124-696675091,0.0.4,0.00177827,False
2023-05-16T04:19:24.864476,0.0.705448-1684225124-696675091,0.0.98,0.04427411,False
2023-05-16T04:19:24.864476,0.0.705448-1684225124-696675091,0.0.800,-1.98666048,False
2023-05-16T04:19:24.864476,0.0.705448-1684225124-696675091,0.0.576004,1.92396400,False
2023-05-16T04:19:24.864476,0.0.705448-1684225124-696675091,0.0.705448,-0.03345238,False
2023-05-16T04:19:24.864476,0.0.705448-1684225124-696675091,0.0.788628,48.54939648,False
2023-05-16T04:19:24.864476,0.0.705448-1684225124-696675091,0.0.839634,0.00070000,False
2023-05-16T04:19:24.864476,0.0.705448-1684225124-696675091,0.0.1360849,-50.00000000,False
2023-05-16T04:19:24.864476,0.0.705448-1684225124-696675091,0.0.2254995,1.50000000,False
2023-05-16T04:14:06.862534,0.0.2198390-1684224836-086348187,0.0.4,0.00007801,False
2023-05-16T04:14:06.862534,0.0.2198390-1684224836-086348187,0.0.98,0.00184794,False
2023-05-16T04:14:06.862534,0.0.2198390-1684224836-086348187,0.0.800,-0.96572784,False
2023-05-16T04:14:06.862534,0.0.2198390-1684224836-086348187,0.0.1753459,0.01931456,False
2023-05-16T04:14:06.862534,0.0.2198390-1684224836-086348187,0.0.2198390,0.94448733,False
2023-05-16T04:11:57.189879,0.0.1013118-1684224706-795952471,0.0.4,0.00007799,False
2023-05-16T04:11:57.189879,0.0.1013118-1684224706-795952471,0.0.98,0.00184748,False
2023-05-16T04:11:57.189879,0.0.1013118-1684224706-795952471,0.0.800,-497.52738336,False
2023-05-16T04:11:57.189879,0.0.1013118-1684224706-795952471,0.0.1013118,497.33560113,False
2023-05-16T04:11:57.189879,0.0.1013118-1684224706-795952471,0.0.1753459,0.18985676,False
2023-05-16T03:48:56.985318,0.0.1417234-1684223324-190214018,0.0.4,0.00007800,False
2023-05-16T03:48:56.985318,0.0.1417234-1684223324-190214018,0.0.98,0.00184768,False
2023-05-16T03:48:56.985318,0.0.1417234-1684223324-190214018,0.0.800,-21.29462832,False
2023-05-16T03:48:56.985318,0.0.1417234-1684223324-190214018,0.0.1417234,21.10319205,False
2023-05-16T03:48:56.985318,0.0.1417234-1684223324-190214018,0.0.1753459,0.18951059,False
2023-05-16T03:34:20.494095,0.0.690356-1684222449-676664585,0.0.4,0.00089027,False
2023-05-16T03:34:20.494095,0.0.690356-1684222449-676664585,0.0.98,0.02216036,False
2023-05-16T03:34:20.494095,0.0.690356-1684222449-676664585,0.0.800,-2.36650512,False
2023-05-16T03:34:20.494095,0.0.690356-1684222449-676664585,0.0.136327,-32.63349488,False
2023-05-16T03:34:20.494095,0.0.690356-1684222449-676664585,0.0.690356,-0.02305063,False
2023-05-16T03:34:20.494095,0.0.690356-1684222449-676664585,0.0.1326763,34.00000000,False
2023-05-16T03:34:20.494095,0.0.690356-1684222449-676664585,0.0.2254995,1.00000000,False
2023-05-16T03:32:36.671415,0.0.1644304-1684222343-220981252,0.0.4,0.00007802,False
2023-05-16T03:32:36.671415,0.0.1644304-1684222343-220981252,0.0.98,0.00184814,False
2023-05-16T03:32:36.671415,0.0.1644304-1684222343-220981252,0.0.800,-37.83220560,False
2023-05-16T03:32:36.671415,0.0.1644304-1684222343-220981252,0.0.1644304,37.64062828,False
2023-05-16T03:32:36.671415,0.0.1644304-1684222343-220981252,0.0.1753459,0.18965116,False
2023-05-16T03:20:40.309484,0.0.1454615-1684221628-615154725,0.0.4,0.00007802,False
2023-05-16T03:20:40.309484,0.0.1454615-1684221628-615154725,0.0.98,0.00184814,False
2023-05-16T03:20:40.309484,0.0.1454615-1684221628-615154725,0.0.800,-17.94814896,False
2023-05-16T03:20:40.309484,0.0.1454615-1684221628-615154725,0.0.1454615,17.75604596,False
2023-05-16T03:20:40.309484,0.0.1454615-1684221628-615154725,0.0.1753459,0.19017684,False
2023-05-16T03:07:28.418494,0.0.1474870-1684220833-738749903,0.0.4,0.00007822,False
2023-05-16T03:07:28.418494,0.0.1474870-1684220833-738749903,0.0.98,0.00184768,False
2023-05-16T03:07:28.418494,0.0.1474870-1684220833-738749903,0.0.800,-5.26368864,False
2023-05-16T03:07:28.418494,0.0.1474870-1684220833-738749903,0.0.1474870,5.26176274,False
2023-05-16T03:04:10.026825,0.0.1088070-1684220637-877229171,0.0.4,0.00007800,False
2023-05-16T03:04:10.026825,0.0.1088070-1684220637-877229171,0.0.98,0.00184768,False
2023-05-16T03:04:10.026825,0.0.1088070-1684220637-877229171,0.0.800,-70.26734064,False
2023-05-16T03:04:10.026825,0.0.1088070-1684220637-877229171,0.0.1088070,70.07465772,False
2023-05-16T03:04:10.026825,0.0.1088070-1684220637-877229171,0.0.1753459,0.19075724,False
2023-05-16T02:45:50.366281,0.0.1378963-1684219539-226168327,0.0.4,0.00007856,False
2023-05-16T02:45:50.366281,0.0.1378963-1684219539-226168327,0.0.98,0.00185832,False
2023-05-16T02:45:50.366281,0.0.1378963-1684219539-226168327,0.0.800,-7.63375536,False
2023-05-16T02:45:50.366281,0.0.1378963-1684219539-226168327,0.0.1378963,-0.50090952,False
2023-05-16T02:45:50.366281,0.0.1378963-1684219539-226168327,0.0.1753448,0.00200000,False
2023-05-16T02:45:50.366281,0.0.1378963-1684219539-226168327,0.0.2320926,8.13072800,False
2023-05-16T02:33:33.775257,0.0.690356-1684218792-798864565,0.0.4,0.00177699,False
2023-05-16T02:33:33.775257,0.0.690356-1684218792-798864565,0.0.98,0.04422996,False
2023-05-16T02:33:33.775257,0.0.690356-1684218792-798864565,0.0.800,-43.51277952,False
2023-05-16T02:33:33.775257,0.0.690356-1684218792-798864565,0.0.657097,"4,113.85500000",False
2023-05-16T02:33:33.775257,0.0.690356-1684218792-798864565,0.0.690356,-0.04600695,False
2023-05-16T02:33:33.775257,0.0.690356-1684218792-798864565,0.0.999404,44.23500000,False
2023-05-16T02:33:33.775257,0.0.690356-1684218792-798864565,0.0.1332229,308.92277952,False
2023-05-16T02:33:33.775257,0.0.690356-1684218792-798864565,0.0.1338071,"-4,500.00000000",False
2023-05-16T02:33:33.775257,0.0.690356-1684218792-798864565,0.0.2254995,76.50000000,False
2023-05-16T02:31:39.521699,0.0.734891-1684218599-729988154,0.0.4,0.00007704,False
2023-05-16T02:31:39.521699,0.0.734891-1684218599-729988154,0.0.98,0.00182785,False
2023-05-16T02:31:39.521699,0.0.734891-1684218599-729988154,0.0.800,-0.01246560,False
2023-05-16T02:31:39.521699,0.0.734891-1684218599-729988154,0.0.734891,"-1,525.26454448",False
2023-05-16T02:31:39.521699,0.0.734891-1684218599-729988154,0.0.2344177,"1,525.27510519",False
2023-05-16T02:25:38.646148,0.0.1349333-1684218327-728015842,0.0.4,0.00007782,False
2023-05-16T02:25:38.646148,0.0.1349333-1684218327-728015842,0.0.98,0.00184354,False
2023-05-16T02:25:38.646148,0.0.1349333-1684218327-728015842,0.0.800,-14.19707184,False
2023-05-16T02:25:38.646148,0.0.1349333-1684218327-728015842,0.0.1349333,14.00453007,False
2023-05-16T02:25:38.646148,0.0.1349333-1684218327-728015842,0.0.1753459,0.19062041,False
2023-05-16T02:10:31.620162,0.0.595395-1684217425-360559895,0.0.4,0.00007704,False
2023-05-16T02:10:31.620162,0.0.595395-1684217425-360559895,0.0.98,0.00182785,False
2023-05-16T02:10:31.620162,0.0.595395-1684217425-360559895,0.0.800,-18.09096912,False
2023-05-16T02:10:31.620162,0.0.595395-1684217425-360559895,0.0.595395,"-1,395.47382889",False
2023-05-16T02:10:31.620162,0.0.595395-1684217425-360559895,0.0.1701062,"1,413.56289312",False
2023-05-16T02:01:20.372818,0.0.595395-1684216831-874057897,0.0.4,0.00007704,False
2023-05-16T02:01:20.372818,0.0.595395-1684216831-874057897,0.0.98,0.00182785,False
2023-05-16T02:01:20.372818,0.0.595395-1684216831-874057897,0.0.800,-1.44369456,False
2023-05-16T02:01:20.372818,0.0.595395-1684216831-874057897,0.0.595395,-179.98270489,False
2023-05-16T02:01:20.372818,0.0.595395-1684216831-874057897,0.0.2264236,181.42449456,False
2023-05-16T01:58:42.230617,0.0.1472305-1684216708-772227224,0.0.4,0.00007814,False
2023-05-16T01:58:42.230617,0.0.1472305-1684216708-772227224,0.0.98,0.00185087,False
2023-05-16T01:58:42.230617,0.0.1472305-1684216708-772227224,0.0.800,-5.38941312,False
2023-05-16T01:58:42.230617,0.0.1472305-1684216708-772227224,0.0.1472305,5.27969584,False
2023-05-16T01:58:42.230617,0.0.1472305-1684216708-772227224,0.0.1753459,0.10778827,False
2023-05-16T01:58:28.913001,0.0.1453430-1684216697-484970250,0.0.4,0.00007814,False
2023-05-16T01:58:28.913001,0.0.1453430-1684216697-484970250,0.0.98,0.00185087,False
2023-05-16T01:58:28.913001,0.0.1453430-1684216697-484970250,0.0.800,-0.28243488,False
2023-05-16T01:58:28.913001,0.0.1453430-1684216697-484970250,0.0.1453430,0.27485717,False
2023-05-16T01:58:28.913001,0.0.1453430-1684216697-484970250,0.0.1753459,0.00564870,False
2023-05-16T01:57:41.958550,0.0.1456639-1684216652-136872055,0.0.4,0.00007814,False
2023-05-16T01:57:41.958550,0.0.1456639-1684216652-136872055,0.0.98,0.00185087,False
2023-05-16T01:57:41.958550,0.0.1456639-1684216652-136872055,0.0.800,-36.93699744,False
2023-05-16T01:57:41.958550,0.0.1456639-1684216652-136872055,0.0.1456639,36.74434648,False
2023-05-16T01:57:41.958550,0.0.1456639-1684216652-136872055,0.0.1753459,0.19072195,False
2023-05-16T01:48:55.761157,0.0.1438360-1684216125-186264472,0.0.4,0.00007814,False
2023-05-16T01:48:55.761157,0.0.1438360-1684216125-186264472,0.0.98,0.00185087,False
2023-05-16T01:48:55.761157,0.0.1438360-1684216125-186264472,0.0.800,-1.02217920,False
2023-05-16T01:48:55.761157,0.0.1438360-1684216125-186264472,0.0.1438360,0.99980660,False
2023-05-16T01:48:55.761157,0.0.1438360-1684216125-186264472,0.0.1753459,0.02044359,False
2023-05-16T01:47:54.173950,0.0.690356-1684216050-893185058,0.0.4,0.00178332,False
2023-05-16T01:47:54.173950,0.0.690356-1684216050-893185058,0.0.98,0.04438885,False
2023-05-16T01:47:54.173950,0.0.690356-1684216050-893185058,0.0.800,-1.66540416,False
2023-05-16T01:47:54.173950,0.0.690356-1684216050-893185058,0.0.690356,-0.04617217,False
2023-05-16T01:47:54.173950,0.0.690356-1684216050-893185058,0.0.793407,"-5,000.00000000",False
2023-05-16T01:47:54.173950,0.0.690356-1684216050-893185058,0.0.912675,"4,558.59987072",False
2023-05-16T01:47:54.173950,0.0.690356-1684216050-893185058,0.0.1372799,294.06553344,False
2023-05-16T01:47:54.173950,0.0.690356-1684216050-893185058,0.0.1471578,49.00000000,False
2023-05-16T01:47:54.173950,0.0.690356-1684216050-893185058,0.0.2254995,100.00000000,False
2023-05-16T01:37:26.131843,0.0.1130505-1684215430-501515278,0.0.4,0.00007811,False
2023-05-16T01:37:26.131843,0.0.1130505-1684215430-501515278,0.0.98,0.00185040,False
2023-05-16T01:37:26.131843,0.0.1130505-1684215430-501515278,0.0.800,-8.22213168,False
2023-05-16T01:37:26.131843,0.0.1130505-1684215430-501515278,0.0.1130505,8.05576053,False
2023-05-16T01:37:26.131843,0.0.1130505-1684215430-501515278,0.0.1753459,0.16444264,False
2023-05-16T01:34:59.906961,0.0.2143559-1684215285-737711393,0.0.4,0.00007888,False
2023-05-16T01:34:59.906961,0.0.2143559-1684215285-737711393,0.0.98,0.00186570,False
2023-05-16T01:34:59.906961,0.0.2143559-1684215285-737711393,0.0.800,-1.90599024,False
2023-05-16T01:34:59.906961,0.0.2143559-1684215285-737711393,0.0.1753448,1.90110455,False
2023-05-16T01:34:59.906961,0.0.2143559-1684215285-737711393,0.0.2143559,-99.99705889,False
2023-05-16T01:34:59.906961,0.0.2143559-1684215285-737711393,0.0.2316634,100.00000000,False
2023-05-16T01:29:56.818952,0.0.690356-1684214981-402687645,0.0.4,0.00178402,False
2023-05-16T01:29:56.818952,0.0.690356-1684214981-402687645,0.0.98,0.04440281,False
2023-05-16T01:29:56.818952,0.0.690356-1684214981-402687645,0.0.800,-0.00498624,False
2023-05-16T01:29:56.818952,0.0.690356-1684214981-402687645,0.0.500820,"1,843.14273624",False
2023-05-16T01:29:56.818952,0.0.690356-1684214981-402687645,0.0.690356,-0.04618683,False
2023-05-16T01:29:56.818952,0.0.690356-1684214981-402687645,0.0.1061845,"-1,969.69000000",False
2023-05-16T01:29:56.818952,0.0.690356-1684214981-402687645,0.0.2007245,97.00725000,False
2023-05-16T01:29:56.818952,0.0.690356-1684214981-402687645,0.0.2254995,29.54500000,False
2023-05-16T01:09:55.669132,0.0.595395-1684213790-438184156,0.0.4,0.00007733,False
2023-05-16T01:09:55.669132,0.0.595395-1684213790-438184156,0.0.98,0.00183465,False
2023-05-16T01:09:55.669132,0.0.595395-1684213790-438184156,0.0.800,-5.91795456,False
2023-05-16T01:09:55.669132,0.0.595395-1684213790-438184156,0.0.595395,-347.85099498,False
2023-05-16T01:09:55.669132,0.0.595395-1684213790-438184156,0.0.1744020,353.76703756,False
2023-05-16T01:03:35.947511,0.0.1663433-1684213407-708804309,0.0.4,0.00007814,False
2023-05-16T01:03:35.947511,0.0.1663433-1684213407-708804309,0.0.98,0.00185087,False
2023-05-16T01:03:35.947511,0.0.1663433-1684213407-708804309,0.0.800,-2.68277520,False
2023-05-16T01:03:35.947511,0.0.1663433-1684213407-708804309,0.0.1663433,2.62719068,False
2023-05-16T01:03:35.947511,0.0.1663433-1684213407-708804309,0.0.1753459,0.05365551,False
2023-05-16T00:45:17.575279,0.0.1095268-1684212306-440667447,0.0.4,0.00007830,False
2023-05-16T00:45:17.575279,0.0.1095268-1684212306-440667447,0.0.98,0.00185483,False
2023-05-16T00:45:17.575279,0.0.1095268-1684212306-440667447,0.0.800,-0.00641088,False
2023-05-16T00:45:17.575279,0.0.1095268-1684212306-440667447,0.0.1095268,-4.00193313,False
2023-05-16T00:45:17.575279,0.0.1095268-1684212306-440667447,0.0.1173152,4.00641088,False
2023-05-16T00:43:34.508999,0.0.1095268-1684212200-018456062,0.0.4,0.00007830,False
2023-05-16T00:43:34.508999,0.0.1095268-1684212200-018456062,0.0.98,0.00185483,False
2023-05-16T00:43:34.508999,0.0.1095268-1684212200-018456062,0.0.800,-0.00641088,False
2023-05-16T00:43:34.508999,0.0.1095268-1684212200-018456062,0.0.1095268,-4.00193313,False
2023-05-16T00:43:34.508999,0.0.1095268-1684212200-018456062,0.0.1173084,4.00641088,False
2023-05-16T00:39:05.607031,0.0.1754024-1684211932-508588346,0.0.4,0.00007832,False
2023-05-16T00:39:05.607031,0.0.1754024-1684211932-508588346,0.0.98,0.00185529,False
2023-05-16T00:39:05.607031,0.0.1754024-1684211932-508588346,0.0.800,-0.31662624,False
2023-05-16T00:39:05.607031,0.0.1754024-1684211932-508588346,0.0.1753459,0.00633253,False
2023-05-16T00:39:05.607031,0.0.1754024-1684211932-508588346,0.0.1754024,0.30836010,False
2023-05-16T00:35:21.197752,0.0.611791-1684211681-641000000,0.0.4,0.00008076,False
2023-05-16T00:35:21.197752,0.0.611791-1684211681-641000000,0.0.98,0.00306536,False
2023-05-16T00:35:21.197752,0.0.611791-1684211681-641000000,0.0.800,-26.19093792,False
2023-05-16T00:35:21.197752,0.0.611791-1684211681-641000000,0.0.611791,-499.20314612,False
2023-05-16T00:35:21.197752,0.0.611791-1684211681-641000000,0.0.1370459,525.39093792,False
2023-05-16T00:34:45.856850,0.0.29100-1684211675-248039173,0.0.4,0.00007904,False
2023-05-16T00:34:45.856850,0.0.29100-1684211675-248039173,0.0.98,0.00186969,False
2023-05-16T00:34:45.856850,0.0.29100-1684211675-248039173,0.0.800,"-21,219.41676624",False
2023-05-16T00:34:45.856850,0.0.29100-1684211675-248039173,0.0.11414,"21,219.23317576",False
2023-05-16T00:34:45.856850,0.0.29100-1684211675-248039173,0.0.29100,-0.00907500,False
2023-05-16T00:34:45.856850,0.0.29100-1684211675-248039173,0.0.1753448,0.19071675,False
2023-05-16T00:30:52.286148,0.0.611791-1684211419-699000000,0.0.4,0.00008067,False
2023-05-16T00:30:52.286148,0.0.611791-1684211419-699000000,0.0.98,0.00306351,False
2023-05-16T00:30:52.286148,0.0.611791-1684211419-699000000,0.0.800,-79.38663936,False
2023-05-16T00:30:52.286148,0.0.611791-1684211419-699000000,0.0.611791,-396.00314418,False
2023-05-16T00:30:52.286148,0.0.611791-1684211419-699000000,0.0.1426230,475.38663936,False
2023-05-16T00:30:09.238843,0.0.1459243-1684211397-493269590,0.0.4,0.00007904,False
2023-05-16T00:30:09.238843,0.0.1459243-1684211397-493269590,0.0.98,0.00186969,False
2023-05-16T00:30:09.238843,0.0.1459243-1684211397-493269590,0.0.800,-68.98284960,False
2023-05-16T00:30:09.238843,0.0.1459243-1684211397-493269590,0.0.1427164,68.98281264,False
2023-05-16T00:30:09.238843,0.0.1459243-1684211397-493269590,0.0.1459243,-0.00191177,False
2023-05-16T00:22:45.322795,0.0.1465012-1684210954-220552590,0.0.4,0.00007911,False
2023-05-16T00:22:45.322795,0.0.1465012-1684210954-220552590,0.0.98,0.00187109,False
2023-05-16T00:22:45.322795,0.0.1465012-1684210954-220552590,0.0.800,-1.80199152,False
2023-05-16T00:22:45.322795,0.0.1465012-1684210954-220552590,0.0.24640,0.01903458,False
2023-05-16T00:22:45.322795,0.0.1465012-1684210954-220552590,0.0.1465012,1.78100674,False
2023-05-16T00:19:12.104094,0.0.1507478-1684210741-074000000,0.0.4,0.00007983,False
2023-05-16T00:19:12.104094,0.0.1507478-1684210741-074000000,0.0.98,0.00188549,False
2023-05-16T00:19:12.104094,0.0.1507478-1684210741-074000000,0.0.800,-506.22890640,False
2023-05-16T00:19:12.104094,0.0.1507478-1684210741-074000000,0.0.1507478,126.26911596,False
2023-05-16T00:19:12.104094,0.0.1507478-1684210741-074000000,0.0.2081574,379.95782512,False
2023-05-16T00:16:42.215108,0.0.306132-1684210591-049668590,0.0.4,0.00007986,False
2023-05-16T00:16:42.215108,0.0.306132-1684210591-049668590,0.0.98,0.00188595,False
2023-05-16T00:16:42.215108,0.0.306132-1684210591-049668590,0.0.800,-82.60365456,False
2023-05-16T00:16:42.215108,0.0.306132-1684210591-049668590,0.0.24640,0.01906089,False
2023-05-16T00:16:42.215108,0.0.306132-1684210591-049668590,0.0.306132,41.28462929,False
2023-05-16T00:16:42.215108,0.0.306132-1684210591-049668590,0.0.2110658,41.29799857,False
2023-05-16T00:14:44.891702,0.0.1237253-1684210468-105213385,0.0.4,0.00007904,False
2023-05-16T00:14:44.891702,0.0.1237253-1684210468-105213385,0.0.98,0.00186969,False
2023-05-16T00:14:44.891702,0.0.1237253-1684210468-105213385,0.0.800,-357.43594320,False
2023-05-16T00:14:44.891702,0.0.1237253-1684210468-105213385,0.0.1237253,"-865,634.91400742",False
2023-05-16T00:14:44.891702,0.0.1237253-1684210468-105213385,0.0.1753448,1.91205869,False
2023-05-16T00:14:44.891702,0.0.1237253-1684210468-105213385,0.0.2143551,"865,990.43594320",False
2023-05-16T00:08:31.095098,0.0.1067766-1684210105-309081294,0.0.4,0.00007751,False
2023-05-16T00:08:31.095098,0.0.1067766-1684210105-309081294,0.0.98,0.00183903,False
2023-05-16T00:08:31.095098,0.0.1067766-1684210105-309081294,0.0.800,-5.71084752,False
2023-05-16T00:08:31.095098,0.0.1067766-1684210105-309081294,0.0.1067766,"-1,999.00191654",False
2023-05-16T00:08:31.095098,0.0.1067766-1684210105-309081294,0.0.2155250,"2,004.71084752",False
2023-05-16T00:07:42.193840,0.0.690356-1684210046-410080665,0.0.4,0.00178759,False
2023-05-16T00:07:42.193840,0.0.690356-1684210046-410080665,0.0.98,0.04449498,False
2023-05-16T00:07:42.193840,0.0.690356-1684210046-410080665,0.0.800,-0.27424320,False
2023-05-16T00:07:42.193840,0.0.690356-1684210046-410080665,0.0.690356,-0.04628257,False
2023-05-16T00:07:42.193840,0.0.690356-1684210046-410080665,0.0.1057057,0.44924320,False
2023-05-16T00:07:42.193840,0.0.690356-1684210046-410080665,0.0.1421971,-8.00000000,False
2023-05-16T00:07:42.193840,0.0.690356-1684210046-410080665,0.0.1998899,0.49000000,False
2023-05-16T00:07:42.193840,0.0.690356-1684210046-410080665,0.0.2254995,1.00000000,False
2023-05-16T00:07:42.193840,0.0.690356-1684210046-410080665,0.0.2336589,6.33500000,False
2023-05-16T00:07:20.238880,0.0.690356-1684210026-394732008,0.0.4,0.00178759,False
2023-05-16T00:07:20.238880,0.0.690356-1684210026-394732008,0.0.98,0.04449497,False
2023-05-16T00:07:20.238880,0.0.690356-1684210026-394732008,0.0.800,-53.24538576,False
2023-05-16T00:07:20.238880,0.0.690356-1684210026-394732008,0.0.690356,-0.04628256,False
2023-05-16T00:07:20.238880,0.0.690356-1684210026-394732008,0.0.1406804,-446.75461424,False
2023-05-16T00:07:20.238880,0.0.690356-1684210026-394732008,0.0.1707043,34.30000000,False
2023-05-16T00:07:20.238880,0.0.690356-1684210026-394732008,0.0.2101053,455.70000000,False
2023-05-16T00:07:20.238880,0.0.690356-1684210026-394732008,0.0.2254995,10.00000000,False
2023-05-16T00:00:28.466933,0.0.1318929-1684209617-913210081,0.0.4,0.00007830,False
2023-05-16T00:00:28.466933,0.0.1318929-1684209617-913210081,0.0.98,0.00185483,False
2023-05-16T00:00:28.466933,0.0.1318929-1684209617-913210081,0.0.800,-3.73398144,False
2023-05-16T00:00:28.466933,0.0.1318929-1684209617-913210081,0.0.1318929,3.65736868,False
2023-05-16T00:00:28.466933,0.0.1318929-1684209617-913210081,0.0.1753459,0.07467963,False
2023-05-15T23:59:53.263750,0.0.1067766-1684209587-260413690,0.0.4,0.00007778,False
2023-05-15T23:59:53.263750,0.0.1067766-1684209587-260413690,0.0.98,0.00184554,False
2023-05-15T23:59:53.263750,0.0.1067766-1684209587-260413690,0.0.800,-17.57952336,False
2023-05-15T23:59:53.263750,0.0.1067766-1684209587-260413690,0.0.1067766,"-4,899.00192332",False
2023-05-15T23:59:53.263750,0.0.1067766-1684209587-260413690,0.0.1985744,"4,916.57952336",False
2023-05-15T23:55:49.705920,0.0.993023-1684209344-238011356,0.0.4,0.00007799,False
2023-05-15T23:55:49.705920,0.0.993023-1684209344-238011356,0.0.98,0.00184973,False
2023-05-15T23:55:49.705920,0.0.993023-1684209344-238011356,0.0.800,-2.75934960,False
2023-05-15T23:55:49.705920,0.0.993023-1684209344-238011356,0.0.993023,"-1,749.10892772",False
2023-05-15T23:55:49.705920,0.0.993023-1684209344-238011356,0.0.1726431,"1,751.86634960",False
2023-05-15T23:51:50.645454,0.0.361469-1684209098-176000000,0.0.4,0.00008077,False
2023-05-15T23:51:50.645454,0.0.361469-1684209098-176000000,0.0.98,0.00190521,False
2023-05-15T23:51:50.645454,0.0.361469-1684209098-176000000,0.0.800,-1.78151232,False
2023-05-15T23:51:50.645454,0.0.361469-1684209098-176000000,0.0.16952,"25,237.86113530",False
2023-05-15T23:51:50.645454,0.0.361469-1684209098-176000000,0.0.361469,"-25,236.08160896",False
2023-05-15T23:50:28.984986,0.0.690356-1684209013-880246731,0.0.4,0.00179405,False
2023-05-15T23:50:28.984986,0.0.690356-1684209013-880246731,0.0.98,0.04465510,False
2023-05-15T23:50:28.984986,0.0.690356-1684209013-880246731,0.0.800,-8.53804560,False
2023-05-15T23:50:28.984986,0.0.690356-1684209013-880246731,0.0.690356,-0.04644915,False
2023-05-15T23:50:28.984986,0.0.690356-1684209013-880246731,0.0.701607,60.76000000,False
2023-05-15T23:50:28.984986,0.0.690356-1684209013-880246731,0.0.701676,60.76000000,False
2023-05-15T23:50:28.984986,0.0.690356-1684209013-880246731,0.0.702648,60.76000000,False
2023-05-15T23:50:28.984986,0.0.690356-1684209013-880246731,0.0.703302,60.76000000,False
2023-05-15T23:50:28.984986,0.0.690356-1684209013-880246731,0.0.706113,"5,772.20000000",False
2023-05-15T23:50:28.984986,0.0.690356-1684209013-880246731,0.0.813611,"-6,200.00000000",False
2023-05-15T23:50:28.984986,0.0.690356-1684209013-880246731,0.0.869430,69.29804560,False
2023-05-15T23:50:28.984986,0.0.690356-1684209013-880246731,0.0.2254995,124.00000000,False
2023-05-15T23:45:20.626084,0.0.1067766-1684208714-261370431,0.0.4,0.00007778,False
2023-05-15T23:45:20.626084,0.0.1067766-1684208714-261370431,0.0.98,0.00184554,False
2023-05-15T23:45:20.626084,0.0.1067766-1684208714-261370431,0.0.800,-0.55970544,False
2023-05-15T23:45:20.626084,0.0.1067766-1684208714-261370431,0.0.1067766,"-2,999.00192332",False
2023-05-15T23:45:20.626084,0.0.1067766-1684208714-261370431,0.0.2005896,"2,999.55970544",False
2023-05-15T23:41:18.281132,0.0.1751854-1684208463-676103205,0.0.4,0.00007860,False
2023-05-15T23:41:18.281132,0.0.1751854-1684208463-676103205,0.0.98,0.00186185,False
2023-05-15T23:41:18.281132,0.0.1751854-1684208463-676103205,0.0.800,-3.60896928,False
2023-05-15T23:41:18.281132,0.0.1751854-1684208463-676103205,0.0.1751854,3.53484944,False
2023-05-15T23:41:18.281132,0.0.1751854-1684208463-676103205,0.0.1753459,0.07217939,False
2023-05-15T23:39:41.685143,0.0.180409-1684208368-326893384,0.0.4,0.00007858,False
2023-05-15T23:39:41.685143,0.0.180409-1684208368-326893384,0.0.98,0.00186139,False
2023-05-15T23:39:41.685143,0.0.180409-1684208368-326893384,0.0.800,-13.15370112,False
2023-05-15T23:39:41.685143,0.0.180409-1684208368-326893384,0.0.180409,"-8,361.71895022",False
2023-05-15T23:39:41.685143,0.0.180409-1684208368-326893384,0.0.1877437,"8,374.87071137",False
2023-05-15T23:37:33.616577,0.0.1751629-1684208237-930710181,0.0.4,0.00007860,False
2023-05-15T23:37:33.616577,0.0.1751629-1684208237-930710181,0.0.98,0.00186185,False
2023-05-15T23:37:33.616577,0.0.1751629-1684208237-930710181,0.0.800,-0.71516928,False
2023-05-15T23:37:33.616577,0.0.1751629-1684208237-930710181,0.0.1751629,0.69892544,False
2023-05-15T23:37:33.616577,0.0.1751629-1684208237-930710181,0.0.1753459,0.01430339,False
2023-05-15T23:36:42.815884,0.0.690356-1684208172-361273589,0.0.4,0.00179390,False
2023-05-15T23:36:42.815884,0.0.690356-1684208172-361273589,0.0.98,0.04465228,False
2023-05-15T23:36:42.815884,0.0.690356-1684208172-361273589,0.0.800,-1.27968288,False
2023-05-15T23:36:42.815884,0.0.690356-1684208172-361273589,0.0.508752,-280.00000000,False
2023-05-15T23:36:42.815884,0.0.690356-1684208172-361273589,0.0.619065,261.95968288,False
2023-05-15T23:36:42.815884,0.0.690356-1684208172-361273589,0.0.653152,13.72000000,False
2023-05-15T23:36:42.815884,0.0.690356-1684208172-361273589,0.0.690356,-0.04644618,False
2023-05-15T23:36:42.815884,0.0.690356-1684208172-361273589,0.0.2254995,5.60000000,False
2023-05-15T23:31:20.542778,0.0.1475140-1684207867-286721600,0.0.4,0.00007860,False
2023-05-15T23:31:20.542778,0.0.1475140-1684207867-286721600,0.0.98,0.00186185,False
2023-05-15T23:31:20.542778,0.0.1475140-1684207867-286721600,0.0.800,"-5,342.49491664",False
2023-05-15T23:31:20.542778,0.0.1475140-1684207867-286721600,0.0.1475140,"5,342.30178165",False
2023-05-15T23:31:20.542778,0.0.1475140-1684207867-286721600,0.0.1753459,0.19119454,False
2023-05-15T23:25:14.455664,0.0.296784-1684207503-172000000,0.0.4,0.00008068,False
2023-05-15T23:25:14.455664,0.0.296784-1684207503-172000000,0.0.98,0.00190334,False
2023-05-15T23:25:14.455664,0.0.296784-1684207503-172000000,0.0.800,-223.61291904,False
2023-05-15T23:25:14.455664,0.0.296784-1684207503-172000000,0.0.85785,"5,000.00000000",False
2023-05-15T23:25:14.455664,0.0.296784-1684207503-172000000,0.0.296784,"-4,776.38906498",False
2023-05-15T23:15:15.366418,0.0.690356-1684206883-708405654,0.0.4,0.00179390,False
2023-05-15T23:15:15.366418,0.0.690356-1684206883-708405654,0.0.98,0.04465228,False
2023-05-15T23:15:15.366418,0.0.690356-1684206883-708405654,0.0.800,-0.13409424,False
2023-05-15T23:15:15.366418,0.0.690356-1684206883-708405654,0.0.690356,-0.04644618,False
2023-05-15T23:15:15.366418,0.0.690356-1684206883-708405654,0.0.1100412,6.92549424,False
2023-05-15T23:15:15.366418,0.0.690356-1684206883-708405654,0.0.1421971,90.22860000,False
2023-05-15T23:15:15.366418,0.0.690356-1684206883-708405654,0.0.2121804,-99.00000000,False
2023-05-15T23:15:15.366418,0.0.690356-1684206883-708405654,0.0.2254995,1.98000000,False
2023-05-15T23:08:41.061166,0.0.845358-1684206511-737780858,0.0.4,0.00007858,False
2023-05-15T23:08:41.061166,0.0.845358-1684206511-737780858,0.0.98,0.00186139,False
2023-05-15T23:08:41.061166,0.0.845358-1684206511-737780858,0.0.800,-1.40629776,False
2023-05-15T23:08:41.061166,0.0.845358-1684206511-737780858,0.0.845358,"-12,414.24438765",False
2023-05-15T23:08:41.061166,0.0.845358-1684206511-737780858,0.0.2001205,"12,415.64874544",False
2023-05-15T23:02:41.415584,0.0.1297053-1684206146-839983922,0.0.4,0.00007858,False
2023-05-15T23:02:41.415584,0.0.1297053-1684206146-839983922,0.0.98,0.00186139,False
2023-05-15T23:02:41.415584,0.0.1297053-1684206146-839983922,0.0.800,-102.34097328,False
2023-05-15T23:02:41.415584,0.0.1297053-1684206146-839983922,0.0.1297053,102.14753682,False
2023-05-15T23:02:41.415584,0.0.1297053-1684206146-839983922,0.0.1753459,0.19149649,False
2023-05-15T23:02:32.499276,0.0.1067766-1684206146-861517410,0.0.4,0.00007778,False
2023-05-15T23:02:32.499276,0.0.1067766-1684206146-861517410,0.0.98,0.00184554,False
2023-05-15T23:02:32.499276,0.0.1067766-1684206146-861517410,0.0.800,-20.48133696,False
2023-05-15T23:02:32.499276,0.0.1067766-1684206146-861517410,0.0.1067766,"-3,105.12623136",False
2023-05-15T23:02:32.499276,0.0.1067766-1684206146-861517410,0.0.1389424,"3,125.60564500",False
2023-05-15T22:37:38.192009,0.0.2013696-1684204647-178078590,0.0.4,0.00007904,False
2023-05-15T22:37:38.192009,0.0.2013696-1684204647-178078590,0.0.98,0.00186937,False
2023-05-15T22:37:38.192009,0.0.2013696-1684204647-178078590,0.0.800,-85.60928880,False
2023-05-15T22:37:38.192009,0.0.2013696-1684204647-178078590,0.0.24640,0.01908819,False
2023-05-15T22:37:38.192009,0.0.2013696-1684204647-178078590,0.0.2013696,85.58825220,False
2023-05-15T22:37:01.321773,0.0.1112121-1684204609-952403524,0.0.4,0.00007823,False
2023-05-15T22:37:01.321773,0.0.1112121-1684204609-952403524,0.0.98,0.00185313,False
2023-05-15T22:37:01.321773,0.0.1112121-1684204609-952403524,0.0.800,-83.00112912,False
2023-05-15T22:37:01.321773,0.0.1112121-1684204609-952403524,0.0.1112121,82.80760533,False
2023-05-15T22:37:01.321773,0.0.1112121-1684204609-952403524,0.0.1753459,0.19159243,False
2023-05-15T22:31:23.332608,0.0.285576-1684204270-138979742,0.0.4,0.00007825,False
2023-05-15T22:31:23.332608,0.0.285576-1684204270-138979742,0.0.98,0.00185359,False
2023-05-15T22:31:23.332608,0.0.285576-1684204270-138979742,0.0.800,-371.34915552,False
2023-05-15T22:31:23.332608,0.0.285576-1684204270-138979742,0.0.285576,"-9,555.30193184",False
2023-05-15T22:31:23.332608,0.0.285576-1684204270-138979742,0.0.2164033,"9,926.64915552",False
2023-05-15T22:26:59.967074,0.0.2454766-1684204009-971874550,0.0.4,0.00007902,False
2023-05-15T22:26:59.967074,0.0.2454766-1684204009-971874550,0.0.98,0.00186891,False
2023-05-15T22:26:59.967074,0.0.2454766-1684204009-971874550,0.0.800,-0.00178080,False
2023-05-15T22:26:59.967074,0.0.2454766-1684204009-971874550,0.0.1753448,0.19191018,False
2023-05-15T22:26:59.967074,0.0.2454766-1684204009-971874550,0.0.2235836,0.67178080,False
2023-05-15T22:26:59.967074,0.0.2454766-1684204009-971874550,0.0.2454766,-0.86385811,False
2023-05-15T22:26:59.567727,0.0.1155594-1684204018-342846495,0.0.4,0.00007837,False
2023-05-15T22:26:59.567727,0.0.1155594-1684204018-342846495,0.0.98,0.00185591,False
2023-05-15T22:26:59.567727,0.0.1155594-1684204018-342846495,0.0.800,-0.01228752,False
2023-05-15T22:26:59.567727,0.0.1155594-1684204018-342846495,0.0.1155594,"-1,858.42354768",False
2023-05-15T22:26:59.567727,0.0.1155594-1684204018-342846495,0.0.1420557,"1,858.43390092",False
2023-05-15T22:24:42.108565,0.0.1917742-1684203881-171869332,0.0.4,0.00007823,False
2023-05-15T22:24:42.108565,0.0.1917742-1684203881-171869332,0.0.98,0.00185313,False
2023-05-15T22:24:42.108565,0.0.1917742-1684203881-171869332,0.0.800,-4.24453680,False
2023-05-15T22:24:42.108565,0.0.1917742-1684203881-171869332,0.0.1917742,-471.82078709,False
2023-05-15T22:24:42.108565,0.0.1917742-1684203881-171869332,0.0.2180729,476.06339253,False
2023-05-15T22:24:18.613959,0.0.1222642-1684203843-647103995,0.0.4,0.00007897,False
2023-05-15T22:24:18.613959,0.0.1222642-1684203843-647103995,0.0.98,0.00186798,False
2023-05-15T22:24:18.613959,0.0.1222642-1684203843-647103995,0.0.800,-12.83493792,False
2023-05-15T22:24:18.613959,0.0.1222642-1684203843-647103995,0.0.1222642,"-9,989.08914707",False
2023-05-15T22:24:18.613959,0.0.1222642-1684203843-647103995,0.0.1753448,1.92213804,False
2023-05-15T22:24:18.613959,0.0.1222642-1684203843-647103995,0.0.2182307,"10,000.00000000",False
2023-05-15T22:23:25.512546,0.0.1366336-1684203795-281548190,0.0.4,0.00007823,False
2023-05-15T22:23:25.512546,0.0.1366336-1684203795-281548190,0.0.98,0.00185313,False
2023-05-15T22:23:25.512546,0.0.1366336-1684203795-281548190,0.0.800,-0.53210304,False
2023-05-15T22:23:25.512546,0.0.1366336-1684203795-281548190,0.0.1366336,0.51952961,False
2023-05-15T22:23:25.512546,0.0.1366336-1684203795-281548190,0.0.1753459,0.01064207,False
2023-05-15T22:23:21.803909,0.0.1752580-1684203788-366700731,0.0.4,0.00007825,False
2023-05-15T22:23:21.803909,0.0.1752580-1684203788-366700731,0.0.98,0.00185359,False
2023-05-15T22:23:21.803909,0.0.1752580-1684203788-366700731,0.0.800,-180.84504816,False
2023-05-15T22:23:21.803909,0.0.1752580-1684203788-366700731,0.0.1752580,180.65120389,False
2023-05-15T22:23:21.803909,0.0.1752580-1684203788-366700731,0.0.1753459,0.19191243,False
2023-05-15T22:22:49.907314,0.0.1067766-1684203764-301291530,0.0.4,0.00007744,False
2023-05-15T22:22:49.907314,0.0.1067766-1684203764-301291530,0.0.98,0.00183735,False
2023-05-15T22:22:49.907314,0.0.1067766-1684203764-301291530,0.0.800,-0.11877936,False
2023-05-15T22:22:49.907314,0.0.1067766-1684203764-301291530,0.0.1067766,-99.00191479,False
2023-05-15T22:22:49.907314,0.0.1067766-1684203764-301291530,0.0.2159876,99.11877936,False
2023-05-15T22:22:18.002124,0.0.1155594-1684203737-125854677,0.0.4,0.00007832,False
2023-05-15T22:22:18.002124,0.0.1155594-1684203737-125854677,0.0.98,0.00185498,False
2023-05-15T22:22:18.002124,0.0.1155594-1684203737-125854677,0.0.800,-425.63506272,False
2023-05-15T22:22:18.002124,0.0.1155594-1684203737-125854677,0.0.1155594,"-8,620.00193330",False
2023-05-15T22:22:18.002124,0.0.1155594-1684203737-125854677,0.0.1401785,"9,045.63506272",False
2023-05-15T22:21:21.898269,0.0.1067766-1684203676-084781441,0.0.4,0.00007744,False
2023-05-15T22:21:21.898269,0.0.1067766-1684203676-084781441,0.0.98,0.00183735,False
2023-05-15T22:21:21.898269,0.0.1067766-1684203676-084781441,0.0.800,-0.15760080,False
2023-05-15T22:21:21.898269,0.0.1067766-1684203676-084781441,0.0.796209,"1,332.09060080",False
2023-05-15T22:21:21.898269,0.0.1067766-1684203676-084781441,0.0.1067766,"-1,331.93491479",False
2023-05-15T22:20:46.676603,0.0.1420521-1684203633-153682166,0.0.4,0.00007823,False
2023-05-15T22:20:46.676603,0.0.1420521-1684203633-153682166,0.0.98,0.00185313,False
2023-05-15T22:20:46.676603,0.0.1420521-1684203633-153682166,0.0.800,"-41,591.87240880",False
2023-05-15T22:20:46.676603,0.0.1420521-1684203633-153682166,0.0.1420521,"41,591.67868658",False
2023-05-15T22:20:46.676603,0.0.1420521-1684203633-153682166,0.0.1753459,0.19179086,False
2023-05-15T22:20:14.667033,0.0.1443869-1684203602-302325861,0.0.4,0.00007825,False
2023-05-15T22:20:14.667033,0.0.1443869-1684203602-302325861,0.0.98,0.00185359,False
2023-05-15T22:20:14.667033,0.0.1443869-1684203602-302325861,0.0.800,-0.05395824,False
2023-05-15T22:20:14.667033,0.0.1443869-1684203602-302325861,0.0.1443869,0.05094723,False
2023-05-15T22:20:14.667033,0.0.1443869-1684203602-302325861,0.0.1753459,0.00107917,False
2023-05-15T22:15:39.278153,0.0.1127397-1684203327-464835572,0.0.4,0.00007823,False
2023-05-15T22:15:39.278153,0.0.1127397-1684203327-464835572,0.0.98,0.00185313,False
2023-05-15T22:15:39.278153,0.0.1127397-1684203327-464835572,0.0.800,-47.98134096,False
2023-05-15T22:15:39.278153,0.0.1127397-1684203327-464835572,0.0.1127397,47.78752033,False
2023-05-15T22:15:39.278153,0.0.1127397-1684203327-464835572,0.0.1753459,0.19188927,False
2023-05-15T22:15:31.235542,0.0.1067766-1684203325-717935550,0.0.4,0.00007744,False
2023-05-15T22:15:31.235542,0.0.1067766-1684203325-717935550,0.0.98,0.00183735,False
2023-05-15T22:15:31.235542,0.0.1067766-1684203325-717935550,0.0.800,-0.81738720,False
2023-05-15T22:15:31.235542,0.0.1067766-1684203325-717935550,0.0.1067766,-188.52173182,False
2023-05-15T22:15:31.235542,0.0.1067766-1684203325-717935550,0.0.2174179,189.33720423,False
2023-05-15T22:14:00.760853,0.0.243145-1684203235-842188969,0.0.4,0.00007744,False
2023-05-15T22:14:00.760853,0.0.243145-1684203235-842188969,0.0.98,0.00183735,False
2023-05-15T22:14:00.760853,0.0.243145-1684203235-842188969,0.0.800,-48.64023696,False
2023-05-15T22:14:00.760853,0.0.243145-1684203235-842188969,0.0.243145,-2.00191479,False
2023-05-15T22:14:00.760853,0.0.243145-1684203235-842188969,0.0.288958,50.64023696,False
2023-05-15T22:13:52.497648,0.0.404442-1684203220-744000000,0.0.4,0.00008178,False
2023-05-15T22:13:52.497648,0.0.404442-1684203220-744000000,0.0.98,0.00192413,False
2023-05-15T22:13:52.497648,0.0.404442-1684203220-744000000,0.0.800,-20.75290896,False
2023-05-15T22:13:52.497648,0.0.404442-1684203220-744000000,0.0.180409,900.00000000,False
2023-05-15T22:13:52.497648,0.0.404442-1684203220-744000000,0.0.404442,-879.24909695,False
2023-05-15T22:10:48.085858,0.0.1465762-1684203034-792728680,0.0.4,0.00007978,False
2023-05-15T22:10:48.085858,0.0.1465762-1684203034-792728680,0.0.98,0.00188422,False
2023-05-15T22:10:48.085858,0.0.1465762-1684203034-792728680,0.0.800,-57.36954048,False
2023-05-15T22:10:48.085858,0.0.1465762-1684203034-792728680,0.0.24640,0.01916085,False
2023-05-15T22:10:48.085858,0.0.1465762-1684203034-792728680,0.0.1465762,-0.02112486,False
2023-05-15T22:10:48.085858,0.0.1465762-1684203034-792728680,0.0.2153959,57.36954049,False
2023-05-15T22:10:25.881912,0.0.1465762-1684203015-256143590,0.0.4,0.00007904,False
2023-05-15T22:10:25.881912,0.0.1465762-1684203015-256143590,0.0.98,0.00186937,False
2023-05-15T22:10:25.881912,0.0.1465762-1684203015-256143590,0.0.800,-100.24265664,False
2023-05-15T22:10:25.881912,0.0.1465762-1684203015-256143590,0.0.24640,0.01916085,False
2023-05-15T22:10:25.881912,0.0.1465762-1684203015-256143590,0.0.1465762,100.22154738,False
2023-05-15T22:07:09.838106,0.0.2167407-1684202817-144262558,0.0.4,0.00007825,False
2023-05-15T22:07:09.838106,0.0.2167407-1684202817-144262558,0.0.98,0.00185359,False
2023-05-15T22:07:09.838106,0.0.2167407-1684202817-144262558,0.0.800,-362.28773280,False
2023-05-15T22:07:09.838106,0.0.2167407-1684202817-144262558,0.0.1753459,0.19221329,False
2023-05-15T22:07:09.838106,0.0.2167407-1684202817-144262558,0.0.2167407,362.09358767,False
2023-05-15T22:06:30.457218,0.0.243145-1684202785-845686411,0.0.4,0.00007758,False
2023-05-15T22:06:30.457218,0.0.243145-1684202785-845686411,0.0.98,0.00184013,False
2023-05-15T22:06:30.457218,0.0.243145-1684202785-845686411,0.0.800,-338.96423904,False
2023-05-15T22:06:30.457218,0.0.243145-1684202785-845686411,0.0.243145,"-16,000.00191771",False
2023-05-15T22:06:30.457218,0.0.243145-1684202785-845686411,0.0.1716118,"16,338.96423904",False
2023-05-15T22:05:39.468318,0.0.1067766-1684202733-043081885,0.0.4,0.00007744,False
2023-05-15T22:05:39.468318,0.0.1067766-1684202733-043081885,0.0.98,0.00183735,False
2023-05-15T22:05:39.468318,0.0.1067766-1684202733-043081885,0.0.800,-7.23521232,False
2023-05-15T22:05:39.468318,0.0.1067766-1684202733-043081885,0.0.1067766,"-10,377.89213331",False
2023-05-15T22:05:39.468318,0.0.1067766-1684202733-043081885,0.0.2171184,"10,385.12543084",False
2023-05-15T22:05:22.543101,0.0.180409-1684202710-851529272,0.0.4,0.00007823,False
2023-05-15T22:05:22.543101,0.0.180409-1684202710-851529272,0.0.98,0.00185313,False
2023-05-15T22:05:22.543101,0.0.180409-1684202710-851529272,0.0.800,-38.18907792,False
2023-05-15T22:05:22.543101,0.0.180409-1684202710-851529272,0.0.180409,-479.76536399,False
2023-05-15T22:05:22.543101,0.0.180409-1684202710-851529272,0.0.1086406,517.95251055,False
2023-05-15T22:03:40.637620,0.0.690356-1684202604-617225587,0.0.4,0.00178581,False
2023-05-15T22:03:40.637620,0.0.690356-1684202604-617225587,0.0.98,0.04445154,False
2023-05-15T22:03:40.637620,0.0.690356-1684202604-617225587,0.0.800,-1.43995488,False
2023-05-15T22:03:40.637620,0.0.690356-1684202604-617225587,0.0.626579,16.13995488,False
2023-05-15T22:03:40.637620,0.0.690356-1684202604-617225587,0.0.690356,-0.04623735,False
2023-05-15T22:03:40.637620,0.0.690356-1684202604-617225587,0.0.2090180,132.30000000,False
2023-05-15T22:03:40.637620,0.0.690356-1684202604-617225587,0.0.2144631,-150.00000000,False
2023-05-15T22:03:40.637620,0.0.690356-1684202604-617225587,0.0.2254995,3.00000000,False
2023-05-15T22:02:23.787121,0.0.2137235-1684202532-537912590,0.0.4,0.00007904,False
2023-05-15T22:02:23.787121,0.0.2137235-1684202532-537912590,0.0.98,0.00186937,False
2023-05-15T22:02:23.787121,0.0.2137235-1684202532-537912590,0.0.800,-134.08943184,False
2023-05-15T22:02:23.787121,0.0.2137235-1684202532-537912590,0.0.24640,0.01915649,False
2023-05-15T22:02:23.787121,0.0.2137235-1684202532-537912590,0.0.2137235,134.06832694,False
2023-05-15T21:58:33.302481,0.0.1727736-1684202302-668522587,0.0.4,0.00007805,False
2023-05-15T21:58:33.302481,0.0.1727736-1684202302-668522587,0.0.98,0.00184877,False
2023-05-15T21:58:33.302481,0.0.1727736-1684202302-668522587,0.0.800,-5.38638576,False
2023-05-15T21:58:33.302481,0.0.1727736-1684202302-668522587,0.0.1727736,5.27673122,False
2023-05-15T21:58:33.302481,0.0.1727736-1684202302-668522587,0.0.1753459,0.10772772,False
2023-05-15T21:56:39.217539,0.0.1382488-1684202188-284924590,0.0.4,0.00007884,False
2023-05-15T21:56:39.217539,0.0.1382488-1684202188-284924590,0.0.98,0.00186451,False
2023-05-15T21:56:39.217539,0.0.1382488-1684202188-284924590,0.0.800,-125.32380000,False
2023-05-15T21:56:39.217539,0.0.1382488-1684202188-284924590,0.0.24640,0.01920228,False
2023-05-15T21:56:39.217539,0.0.1382488-1684202188-284924590,0.0.1382488,125.30265437,False
2023-05-15T21:50:19.312779,0.0.1067766-1684201813-272092042,0.0.4,0.00007724,False
2023-05-15T21:50:19.312779,0.0.1067766-1684201813-272092042,0.0.98,0.00183257,False
2023-05-15T21:50:19.312779,0.0.1067766-1684201813-272092042,0.0.800,-11.10382224,False
2023-05-15T21:50:19.312779,0.0.1067766-1684201813-272092042,0.0.1067766,-178.49353307,False
2023-05-15T21:50:19.312779,0.0.1067766-1684201813-272092042,0.0.1467786,189.59544550,False
2023-05-15T21:46:26.071414,0.0.914038-1684201572-525000000,0.0.4,0.00008157,False
2023-05-15T21:46:26.071414,0.0.914038-1684201572-525000000,0.0.98,0.00191913,False
2023-05-15T21:46:26.071414,0.0.914038-1684201572-525000000,0.0.800,-2.98105920,False
2023-05-15T21:46:26.071414,0.0.914038-1684201572-525000000,0.0.180409,260.00000000,False
2023-05-15T21:46:26.071414,0.0.914038-1684201572-525000000,0.0.914038,-257.02094150,False
2023-05-15T21:45:23.469482,0.0.690356-1684201509-984768721,0.0.4,0.00178158,False
2023-05-15T21:45:23.469482,0.0.690356-1684201509-984768721,0.0.98,0.04434408,False
2023-05-15T21:45:23.469482,0.0.690356-1684201509-984768721,0.0.800,-1.56977520,False
2023-05-15T21:45:23.469482,0.0.690356-1684201509-984768721,0.0.690356,-0.04612566,False
2023-05-15T21:45:23.469482,0.0.690356-1684201509-984768721,0.0.788887,0.45000000,False
2023-05-15T21:45:23.469482,0.0.690356-1684201509-984768721,0.0.1932842,-10.00000000,False
2023-05-15T21:45:23.469482,0.0.690356-1684201509-984768721,0.0.2129167,10.11977520,False
2023-05-15T21:45:23.469482,0.0.690356-1684201509-984768721,0.0.2254995,1.00000000,False
2023-05-15T21:45:13.040583,0.0.690356-1684201496-857574294,0.0.4,0.00178186,False
2023-05-15T21:45:13.040583,0.0.690356-1684201496-857574294,0.0.98,0.04434966,False
2023-05-15T21:45:13.040583,0.0.690356-1684201496-857574294,0.0.800,-0.00089040,False
2023-05-15T21:45:13.040583,0.0.690356-1684201496-857574294,0.0.627512,8.68389040,False
2023-05-15T21:45:13.040583,0.0.690356-1684201496-857574294,0.0.690356,-0.04613152,False
2023-05-15T21:45:13.040583,0.0.690356-1684201496-857574294,0.0.788887,0.45700000,False
2023-05-15T21:45:13.040583,0.0.690356-1684201496-857574294,0.0.1932842,-9.99000000,False
2023-05-15T21:45:13.040583,0.0.690356-1684201496-857574294,0.0.2254995,0.85000000,False
2023-05-15T21:44:17.013612,0.0.1751465-1684201442-453273446,0.0.4,0.00007805,False
2023-05-15T21:44:17.013612,0.0.1751465-1684201442-453273446,0.0.98,0.00184877,False
2023-05-15T21:44:17.013612,0.0.1751465-1684201442-453273446,0.0.800,-87.71009856,False
2023-05-15T21:44:17.013612,0.0.1751465-1684201442-453273446,0.0.1751465,87.51508289,False
2023-05-15T21:44:17.013612,0.0.1751465-1684201442-453273446,0.0.1753459,0.19308885,False
2023-05-15T21:41:21.879712,0.0.1067766-1684201275-950079200,0.0.4,0.00007724,False
2023-05-15T21:41:21.879712,0.0.1067766-1684201275-950079200,0.0.98,0.00183257,False
2023-05-15T21:41:21.879712,0.0.1067766-1684201275-950079200,0.0.800,-2.51003760,False
2023-05-15T21:41:21.879712,0.0.1067766-1684201275-950079200,0.0.1067766,-893.06151521,False
2023-05-15T21:41:21.879712,0.0.1067766-1684201275-950079200,0.0.1464096,895.56964300,False
2023-05-15T21:39:51.685325,0.0.1067766-1684201186-340739041,0.0.4,0.00007724,False
2023-05-15T21:39:51.685325,0.0.1067766-1684201186-340739041,0.0.98,0.00183257,False
2023-05-15T21:39:51.685325,0.0.1067766-1684201186-340739041,0.0.800,-333.68968752,False
2023-05-15T21:39:51.685325,0.0.1067766-1684201186-340739041,0.0.1067766,"-5,471.17781299",False
2023-05-15T21:39:51.685325,0.0.1067766-1684201186-340739041,0.0.1386081,"5,804.86559070",False
2023-05-15T21:38:47.962386,0.0.1061772-1684201116-307014840,0.0.4,0.00088994,False
2023-05-15T21:38:47.962386,0.0.1061772-1684201116-307014840,0.0.98,0.02215529,False
2023-05-15T21:38:47.962386,0.0.1061772-1684201116-307014840,0.0.800,-1.69656816,False
2023-05-15T21:38:47.962386,0.0.1061772-1684201116-307014840,0.0.732384,2.00000000,False
2023-05-15T21:38:47.962386,0.0.1061772-1684201116-307014840,0.0.813427,-3.00000000,False
2023-05-15T21:38:47.962386,0.0.1061772-1684201116-307014840,0.0.1061772,-0.02304523,False
2023-05-15T21:38:47.962386,0.0.1061772-1684201116-307014840,0.0.1465580,0.90000000,False
2023-05-15T21:38:47.962386,0.0.1061772-1684201116-307014840,0.0.1471685,1.79656816,False
2023-05-15T21:37:30.855444,0.0.1394098-1684201021-591458374,0.0.4,0.00325512,False
2023-05-15T21:37:30.855444,0.0.1394098-1684201021-591458374,0.0.98,0.08690356,False
2023-05-15T21:37:30.855444,0.0.1394098-1684201021-591458374,0.0.800,-17.56224960,False
2023-05-15T21:37:30.855444,0.0.1394098-1684201021-591458374,0.0.706018,0.10000000,False
2023-05-15T21:37:30.855444,0.0.1394098-1684201021-591458374,0.0.1394098,17.37209092,False
2023-05-15T21:37:12.905374,0.0.1669742-1684201021-680601416,0.0.4,0.00007879,False
2023-05-15T21:37:12.905374,0.0.1669742-1684201021-680601416,0.0.98,0.00186358,False
2023-05-15T21:37:12.905374,0.0.1669742-1684201021-680601416,0.0.800,-114.55352160,False
2023-05-15T21:37:12.905374,0.0.1669742-1684201021-680601416,0.0.1032879,114.55452160,False
2023-05-15T21:37:12.905374,0.0.1669742-1684201021-680601416,0.0.1669742,-0.19577624,False
2023-05-15T21:37:12.905374,0.0.1669742-1684201021-680601416,0.0.1753448,0.19283387,False
2023-05-15T21:35:54.523100,0.0.1467500-1684200940-362473134,0.0.4,0.00007805,False
2023-05-15T21:35:54.523100,0.0.1467500-1684200940-362473134,0.0.98,0.00184877,False
2023-05-15T21:35:54.523100,0.0.1467500-1684200940-362473134,0.0.800,-0.15510768,False
2023-05-15T21:35:54.523100,0.0.1467500-1684200940-362473134,0.0.1467500,0.15007870,False
2023-05-15T21:35:54.523100,0.0.1467500-1684200940-362473134,0.0.1753459,0.00310216,False
2023-05-15T21:27:45.349940,0.0.1917742-1684200464-305689308,0.0.4,0.00007814,False
2023-05-15T21:27:45.349940,0.0.1917742-1684200464-305689308,0.0.98,0.00185062,False
2023-05-15T21:27:45.349940,0.0.1917742-1684200464-305689308,0.0.800,-571.44358320,False
2023-05-15T21:27:45.349940,0.0.1917742-1684200464-305689308,0.0.1902273,671.44358320,False
2023-05-15T21:27:45.349940,0.0.1917742-1684200464-305689308,0.0.1917742,-100.00192876,False
2023-05-15T21:25:35.232378,0.0.107723-1684200322-108000000,0.0.4,0.00007957,False
2023-05-15T21:25:35.232378,0.0.107723-1684200322-108000000,0.0.98,0.00187932,False
2023-05-15T21:25:35.232378,0.0.107723-1684200322-108000000,0.0.800,-7.15988448,False
2023-05-15T21:25:35.232378,0.0.107723-1684200322-108000000,0.0.107723,-1.00195889,False
2023-05-15T21:25:35.232378,0.0.107723-1684200322-108000000,0.0.2135548,8.15988448,False
2023-05-15T21:18:06.226674,0.0.585419-1684199881-621904361,0.0.4,0.00007724,False
2023-05-15T21:18:06.226674,0.0.585419-1684199881-621904361,0.0.98,0.00183257,False
2023-05-15T21:18:06.226674,0.0.585419-1684199881-621904361,0.0.800,-229.18860384,False
2023-05-15T21:18:06.226674,0.0.585419-1684199881-621904361,0.0.585419,"-2,607.75590981",False
2023-05-15T21:18:06.226674,0.0.585419-1684199881-621904361,0.0.1281501,"2,836.94260384",False
2023-05-15T21:03:58.884661,0.0.690356-1684199009-813593815,0.0.4,0.00178144,False
2023-05-15T21:03:58.884661,0.0.690356-1684199009-813593815,0.0.98,0.04434129,False
2023-05-15T21:03:58.884661,0.0.690356-1684199009-813593815,0.0.800,-1.71473232,False
2023-05-15T21:03:58.884661,0.0.690356-1684199009-813593815,0.0.271986,148.69478736,False
2023-05-15T21:03:58.884661,0.0.690356-1684199009-813593815,0.0.690356,-0.04612273,False
2023-05-15T21:03:58.884661,0.0.690356-1684199009-813593815,0.0.910353,"2,303.01994496",False
2023-05-15T21:03:58.884661,0.0.690356-1684199009-813593815,0.0.1498096,"-2,500.00000000",False
2023-05-15T21:03:58.884661,0.0.690356-1684199009-813593815,0.0.2254995,50.00000000,False
2023-05-15T20:59:25.816383,0.0.690356-1684198748-794267393,0.0.4,0.00088501,False
2023-05-15T20:59:25.816383,0.0.690356-1684198748-794267393,0.0.98,0.02202946,False
2023-05-15T20:59:25.816383,0.0.690356-1684198748-794267393,0.0.800,-12.35875200,False
2023-05-15T20:59:25.816383,0.0.690356-1684198748-794267393,0.0.137068,"3,430.00178080",False
2023-05-15T20:59:25.816383,0.0.690356-1684198748-794267393,0.0.622351,"-3,487.64302880",False
2023-05-15T20:59:25.816383,0.0.690356-1684198748-794267393,0.0.690356,-0.02291447,False
2023-05-15T20:59:25.816383,0.0.690356-1684198748-794267393,0.0.2254995,70.00000000,False
2023-05-15T20:58:37.207201,0.0.611791-1684198675-322000000,0.0.4,0.00007988,False
2023-05-15T20:58:37.207201,0.0.611791-1684198675-322000000,0.0.98,0.00303367,False
2023-05-15T20:58:37.207201,0.0.611791-1684198675-322000000,0.0.800,-0.30220176,False
2023-05-15T20:58:37.207201,0.0.611791-1684198675-322000000,0.0.611791,-323.00311355,False
2023-05-15T20:58:37.207201,0.0.611791-1684198675-322000000,0.0.2310481,323.30220176,False
2023-05-15T20:58:00.071906,0.0.690356-1684198666-172980331,0.0.4,0.00177046,False
2023-05-15T20:58:00.071906,0.0.690356-1684198666-172980331,0.0.98,0.04406727,False
2023-05-15T20:58:00.071906,0.0.690356-1684198666-172980331,0.0.800,-26.76667056,False
2023-05-15T20:58:00.071906,0.0.690356-1684198666-172980331,0.0.690356,-0.04583773,False
2023-05-15T20:58:00.071906,0.0.690356-1684198666-172980331,0.0.1233854,2.40000000,False
2023-05-15T20:58:00.071906,0.0.690356-1684198666-172980331,0.0.1273453,-25.00000000,False
2023-05-15T20:58:00.071906,0.0.690356-1684198666-172980331,0.0.1367639,48.36667056,False
2023-05-15T20:58:00.071906,0.0.690356-1684198666-172980331,0.0.2254995,1.00000000,False
2023-05-15T20:53:59.710739,0.0.1986648-1684198428-439496914,0.0.4,0.00007774,False
2023-05-15T20:53:59.710739,0.0.1986648-1684198428-439496914,0.0.98,0.00183676,False
2023-05-15T20:53:59.710739,0.0.1986648-1684198428-439496914,0.0.800,-0.99867264,False
2023-05-15T20:53:59.710739,0.0.1986648-1684198428-439496914,0.0.1986648,0.99675814,False
2023-05-15T20:52:01.933652,0.0.395786-1684198309-101640505,0.0.4,0.00007754,False
2023-05-15T20:52:01.933652,0.0.395786-1684198309-101640505,0.0.98,0.00183676,False
2023-05-15T20:52:01.933652,0.0.395786-1684198309-101640505,0.0.800,-81.53268144,False
2023-05-15T20:52:01.933652,0.0.395786-1684198309-101640505,0.0.395786,81.34006184,False
2023-05-15T20:52:01.933652,0.0.395786-1684198309-101640505,0.0.1753459,0.19070530,False
2023-05-15T20:51:53.840003,0.0.690356-1684198296-164480108,0.0.4,0.00177046,False
2023-05-15T20:51:53.840003,0.0.690356-1684198296-164480108,0.0.98,0.04406727,False
2023-05-15T20:51:53.840003,0.0.690356-1684198296-164480108,0.0.800,-17.40500496,False
2023-05-15T20:51:53.840003,0.0.690356-1684198296-164480108,0.0.690356,-0.04583773,False
2023-05-15T20:51:53.840003,0.0.690356-1684198296-164480108,0.0.897257,203.60500496,False
2023-05-15T20:51:53.840003,0.0.690356-1684198296-164480108,0.0.1223480,9.80000000,False
2023-05-15T20:51:53.840003,0.0.690356-1684198296-164480108,0.0.1958394,-200.00000000,False
2023-05-15T20:51:53.840003,0.0.690356-1684198296-164480108,0.0.2254995,4.00000000,False
2023-05-15T20:50:49.123519,0.0.402243-1684198239-191279063,0.0.4,0.00007834,False
2023-05-15T20:50:49.123519,0.0.402243-1684198239-191279063,0.0.98,0.00185287,False
2023-05-15T20:50:49.123519,0.0.402243-1684198239-191279063,0.0.800,-30.52380240,False
2023-05-15T20:50:49.123519,0.0.402243-1684198239-191279063,0.0.24640,0.01876525,False
2023-05-15T20:50:49.123519,0.0.402243-1684198239-191279063,0.0.402243,30.50310594,False
2023-05-15T20:49:38.782387,0.0.1134089-1684198177-734718547,0.0.4,0.00007754,False
2023-05-15T20:49:38.782387,0.0.1134089-1684198177-734718547,0.0.98,0.00183676,False
2023-05-15T20:49:38.782387,0.0.1134089-1684198177-734718547,0.0.800,-24.43560336,False
2023-05-15T20:49:38.782387,0.0.1134089-1684198177-734718547,0.0.144165,"1,686.96503858",False
2023-05-15T20:49:38.782387,0.0.1134089-1684198177-734718547,0.0.1134089,"-1,662.53134952",False
2023-05-15T20:48:01.393536,0.0.243145-1684198075-874273959,0.0.4,0.00007676,False
2023-05-15T20:48:01.393536,0.0.243145-1684198075-874273959,0.0.98,0.00182113,False
2023-05-15T20:48:01.393536,0.0.243145-1684198075-874273959,0.0.800,-516.77480400,False
2023-05-15T20:48:01.393536,0.0.243145-1684198075-874273959,0.0.243145,-5.00189789,False
2023-05-15T20:48:01.393536,0.0.243145-1684198075-874273959,0.0.2292673,521.77480400,False
2023-05-15T20:44:16.899804,0.0.690356-1684197842-008018414,0.0.4,0.00177018,False
2023-05-15T20:44:16.899804,0.0.690356-1684197842-008018414,0.0.98,0.04406172,False
2023-05-15T20:44:16.899804,0.0.690356-1684197842-008018414,0.0.800,-0.05253360,False
2023-05-15T20:44:16.899804,0.0.690356-1684197842-008018414,0.0.638341,-399.94746640,False
2023-05-15T20:44:16.899804,0.0.690356-1684197842-008018414,0.0.690356,-0.04583190,False
2023-05-15T20:44:16.899804,0.0.690356-1684197842-008018414,0.0.1326763,364.56000000,False
2023-05-15T20:44:16.899804,0.0.690356-1684197842-008018414,0.0.1452968,27.44000000,False
2023-05-15T20:44:16.899804,0.0.690356-1684197842-008018414,0.0.2254995,8.00000000,False
2023-05-15T20:42:34.207547,0.0.690356-1684197740-906244510,0.0.4,0.00177046,False
2023-05-15T20:42:34.207547,0.0.690356-1684197740-906244510,0.0.98,0.04406727,False
2023-05-15T20:42:34.207547,0.0.690356-1684197740-906244510,0.0.800,-0.08280720,False
2023-05-15T20:42:34.207547,0.0.690356-1684197740-906244510,0.0.690356,-0.04583773,False
2023-05-15T20:42:34.207547,0.0.690356-1684197740-906244510,0.0.1223480,4.90000000,False
2023-05-15T20:42:34.207547,0.0.690356-1684197740-906244510,0.0.1355527,93.18280720,False
2023-05-15T20:42:34.207547,0.0.690356-1684197740-906244510,0.0.1958394,-100.00000000,False
2023-05-15T20:42:34.207547,0.0.690356-1684197740-906244510,0.0.2254995,2.00000000,False
2023-05-15T20:41:57.213245,0.0.1467433-1684197705-574653590,0.0.4,0.00007834,False
2023-05-15T20:41:57.213245,0.0.1467433-1684197705-574653590,0.0.98,0.00185287,False
2023-05-15T20:41:57.213245,0.0.1467433-1684197705-574653590,0.0.800,-21.07078176,False
2023-05-15T20:41:57.213245,0.0.1467433-1684197705-574653590,0.0.24640,0.01898153,False
2023-05-15T20:41:57.213245,0.0.1467433-1684197705-574653590,0.0.1467433,21.04986902,False
2023-05-15T20:41:36.095998,0.0.690356-1684197678-439753658,0.0.4,0.00177032,False
2023-05-15T20:41:36.095998,0.0.690356-1684197678-439753658,0.0.98,0.04406449,False
2023-05-15T20:41:36.095998,0.0.690356-1684197678-439753658,0.0.800,-5.55520560,False
2023-05-15T20:41:36.095998,0.0.690356-1684197678-439753658,0.0.690356,-0.04583481,False
2023-05-15T20:41:36.095998,0.0.690356-1684197678-439753658,0.0.1213173,66.07020560,False
2023-05-15T20:41:36.095998,0.0.690356-1684197678-439753658,0.0.1223480,3.18500000,False
2023-05-15T20:41:36.095998,0.0.690356-1684197678-439753658,0.0.1958394,-65.00000000,False
2023-05-15T20:41:36.095998,0.0.690356-1684197678-439753658,0.0.2254995,1.30000000,False
2023-05-15T20:38:29.952388,0.0.1917742-1684197508-449462279,0.0.4,0.00007754,False
2023-05-15T20:38:29.952388,0.0.1917742-1684197508-449462279,0.0.98,0.00183676,False
2023-05-15T20:38:29.952388,0.0.1917742-1684197508-449462279,0.0.800,-391.37816928,False
2023-05-15T20:38:29.952388,0.0.1917742-1684197508-449462279,0.0.1917742,-500.00191430,False
2023-05-15T20:38:29.952388,0.0.1917742-1684197508-449462279,0.0.2008517,891.37816928,False
2023-05-15T20:37:40.169819,0.0.690356-1684197446-697446457,0.0.4,0.00177032,False
2023-05-15T20:37:40.169819,0.0.690356-1684197446-697446457,0.0.98,0.04406449,False
2023-05-15T20:37:40.169819,0.0.690356-1684197446-697446457,0.0.800,-11.23773840,False
2023-05-15T20:37:40.169819,0.0.690356-1684197446-697446457,0.0.458687,178.81773840,False
2023-05-15T20:37:40.169819,0.0.690356-1684197446-697446457,0.0.690356,-0.04583481,False
2023-05-15T20:37:40.169819,0.0.690356-1684197446-697446457,0.0.1223480,8.82000000,False
2023-05-15T20:37:40.169819,0.0.690356-1684197446-697446457,0.0.1958394,-180.00000000,False
2023-05-15T20:37:40.169819,0.0.690356-1684197446-697446457,0.0.2254995,3.60000000,False
2023-05-15T20:31:42.284697,0.0.709867-1684197091-050085590,0.0.4,0.00007848,False
2023-05-15T20:31:42.284697,0.0.709867-1684197091-050085590,0.0.98,0.00185562,False
2023-05-15T20:31:42.284697,0.0.709867-1684197091-050085590,0.0.800,-15.22174416,False
2023-05-15T20:31:42.284697,0.0.709867-1684197091-050085590,0.0.285576,"3,500.00000000",False
2023-05-15T20:31:42.284697,0.0.709867-1684197091-050085590,0.0.709867,"-3,484.78018994",False
2023-05-15T20:27:32.544144,0.0.1134089-1684196851-669153034,0.0.4,0.00007777,False
2023-05-15T20:27:32.544144,0.0.1134089-1684196851-669153034,0.0.98,0.00184136,False
2023-05-15T20:27:32.544144,0.0.1134089-1684196851-669153034,0.0.800,-0.00801360,False
2023-05-15T20:27:32.544144,0.0.1134089-1684196851-669153034,0.0.1134089,"-14,198.90191913",False
2023-05-15T20:27:32.544144,0.0.1134089-1684196851-669153034,0.0.1349448,"14,198.90801360",False
2023-05-15T20:23:24.321415,0.0.690356-1684196588-401404754,0.0.4,0.00177046,False
2023-05-15T20:23:24.321415,0.0.690356-1684196588-401404754,0.0.98,0.04406727,False
2023-05-15T20:23:24.321415,0.0.690356-1684196588-401404754,0.0.800,-0.66192336,False
2023-05-15T20:23:24.321415,0.0.690356-1684196588-401404754,0.0.690356,-0.04583773,False
2023-05-15T20:23:24.321415,0.0.690356-1684196588-401404754,0.0.856304,121.03480816,False
2023-05-15T20:23:24.321415,0.0.690356-1684196588-401404754,0.0.1223480,6.37000000,False
2023-05-15T20:23:24.321415,0.0.690356-1684196588-401404754,0.0.1958394,-129.34288480,False
2023-05-15T20:23:24.321415,0.0.690356-1684196588-401404754,0.0.2254995,2.60000000,False
2023-05-15T20:20:41.586990,0.0.1859949-1684196430-558180590,0.0.4,0.00007834,False
2023-05-15T20:20:41.586990,0.0.1859949-1684196430-558180590,0.0.98,0.00185287,False
2023-05-15T20:20:41.586990,0.0.1859949-1684196430-558180590,0.0.800,-10.31831136,False
2023-05-15T20:20:41.586990,0.0.1859949-1684196430-558180590,0.0.24640,0.01896968,False
2023-05-15T20:20:41.586990,0.0.1859949-1684196430-558180590,0.0.1859949,10.29741047,False
